file	events	bytes	sha256	path
full6f365_ee_LR100_epmum_WT_A07F3_S0__P12_1M_0001.hepmc3	25000	572034955	283b0c062845115845aa9654f2b5dbf036d3c8f9f7becde0078fb87a520d81a6	/eos/user/c/cglenn/FCCWork/whizard/whizard_ttbar_spinpol/production/full6f_365gev_ee_ttbar_spinpol_v1/phase12_production_v1/20260821T162202Z_WT_A07F3_S0_1M_40x25k_v1p0p1/shower/phase12b_exactchain_v1/20260821T175012Z_P12B_1M_40x25k_P6_exact_v1/hepmc3/full6f365_ee_LR100_epmum_WT_A07F3_S0/full6f365_ee_LR100_epmum_WT_A07F3_S0__P12_1M_0001.hepmc3
full6f365_ee_LR100_epmum_WT_A07F3_S0__P12_1M_0002.hepmc3	25000	569711572	9d0fe22f74245917812818144663fa7a37294adaf2a0468f96bb2e121a0f9a40	/eos/user/c/cglenn/FCCWork/whizard/whizard_ttbar_spinpol/production/full6f_365gev_ee_ttbar_spinpol_v1/phase12_production_v1/20260821T162202Z_WT_A07F3_S0_1M_40x25k_v1p0p1/shower/phase12b_exactchain_v1/20260821T175012Z_P12B_1M_40x25k_P6_exact_v1/hepmc3/full6f365_ee_LR100_epmum_WT_A07F3_S0/full6f365_ee_LR100_epmum_WT_A07F3_S0__P12_1M_0002.hepmc3
full6f365_ee_LR100_epmum_WT_A07F3_S0__P12_1M_0003.hepmc3	25000	571263233	743fe851d06c2de9310e2be97387f1f79022768c5e0467825daac727420af57c	/eos/user/c/cglenn/FCCWork/whizard/whizard_ttbar_spinpol/production/full6f_365gev_ee_ttbar_spinpol_v1/phase12_production_v1/20260821T162202Z_WT_A07F3_S0_1M_40x25k_v1p0p1/shower/phase12b_exactchain_v1/20260821T175012Z_P12B_1M_40x25k_P6_exact_v1/hepmc3/full6f365_ee_LR100_epmum_WT_A07F3_S0/full6f365_ee_LR100_epmum_WT_A07F3_S0__P12_1M_0003.hepmc3
full6f365_ee_LR100_epmum_WT_A07F3_S0__P12_1M_0004.hepmc3	25000	572046882	877ed25f356278206b5293b52784d5f7d096f6f88e30fa8023e320a534c6444d	/eos/user/c/cglenn/FCCWork/whizard/whizard_ttbar_spinpol/production/full6f_365gev_ee_ttbar_spinpol_v1/phase12_production_v1/20260821T162202Z_WT_A07F3_S0_1M_40x25k_v1p0p1/shower/phase12b_exactchain_v1/20260821T175012Z_P12B_1M_40x25k_P6_exact_v1/hepmc3/full6f365_ee_LR100_epmum_WT_A07F3_S0/full6f365_ee_LR100_epmum_WT_A07F3_S0__P12_1M_0004.hepmc3
full6f365_ee_LR100_epmum_WT_A07F3_S0__P12_1M_0005.hepmc3	25000	571806664	bfe68e8baf41426a640e7fb21c6b722b23fd8265340addbfeea3b5d0f08f3010	/eos/user/c/cglenn/FCCWork/whizard/whizard_ttbar_spinpol/production/full6f_365gev_ee_ttbar_spinpol_v1/phase12_production_v1/20260821T162202Z_WT_A07F3_S0_1M_40x25k_v1p0p1/shower/phase12b_exactchain_v1/20260821T175012Z_P12B_1M_40x25k_P6_exact_v1/hepmc3/full6f365_ee_LR100_epmum_WT_A07F3_S0/full6f365_ee_LR100_epmum_WT_A07F3_S0__P12_1M_0005.hepmc3
full6f365_ee_LR100_epmum_WT_A07F3_S0__P12_1M_0006.hepmc3	25000	571226148	5a5f5b449471545665fa28c40f8c9d07bdd4dbb1adedcadb675e6de2cf9e856f	/eos/user/c/cglenn/FCCWork/whizard/whizard_ttbar_spinpol/production/full6f_365gev_ee_ttbar_spinpol_v1/phase12_production_v1/20260821T162202Z_WT_A07F3_S0_1M_40x25k_v1p0p1/shower/phase12b_exactchain_v1/20260821T175012Z_P12B_1M_40x25k_P6_exact_v1/hepmc3/full6f365_ee_LR100_epmum_WT_A07F3_S0/full6f365_ee_LR100_epmum_WT_A07F3_S0__P12_1M_0006.hepmc3
full6f365_ee_LR100_epmum_WT_A07F3_S0__P12_1M_0007.hepmc3	25000	572964385	42191794e36e881f38b3c8cb8753d214ad126fbfa9ca1ffbaa065b8e68c34efd	/eos/user/c/cglenn/FCCWork/whizard/whizard_ttbar_spinpol/production/full6f_365gev_ee_ttbar_spinpol_v1/phase12_production_v1/20260821T162202Z_WT_A07F3_S0_1M_40x25k_v1p0p1/shower/phase12b_exactchain_v1/20260821T175012Z_P12B_1M_40x25k_P6_exact_v1/hepmc3/full6f365_ee_LR100_epmum_WT_A07F3_S0/full6f365_ee_LR100_epmum_WT_A07F3_S0__P12_1M_0007.hepmc3
full6f365_ee_LR100_epmum_WT_A07F3_S0__P12_1M_0008.hepmc3	25000	568905748	69927584604597b953e5c49f132ef11fbbf2a711964e7c910069783abd9bd51b	/eos/user/c/cglenn/FCCWork/whizard/whizard_ttbar_spinpol/production/full6f_365gev_ee_ttbar_spinpol_v1/phase12_production_v1/20260821T162202Z_WT_A07F3_S0_1M_40x25k_v1p0p1/shower/phase12b_exactchain_v1/20260821T175012Z_P12B_1M_40x25k_P6_exact_v1/hepmc3/full6f365_ee_LR100_epmum_WT_A07F3_S0/full6f365_ee_LR100_epmum_WT_A07F3_S0__P12_1M_0008.hepmc3
full6f365_ee_LR100_epmum_WT_A07F3_S0__P12_1M_0009.hepmc3	25000	570549285	c30fe3023fba79314a0dc32b5d760a14d7e60849e322e53ad284bac0c510cfb3	/eos/user/c/cglenn/FCCWork/whizard/whizard_ttbar_spinpol/production/full6f_365gev_ee_ttbar_spinpol_v1/phase12_production_v1/20260821T162202Z_WT_A07F3_S0_1M_40x25k_v1p0p1/shower/phase12b_exactchain_v1/20260821T175012Z_P12B_1M_40x25k_P6_exact_v1/hepmc3/full6f365_ee_LR100_epmum_WT_A07F3_S0/full6f365_ee_LR100_epmum_WT_A07F3_S0__P12_1M_0009.hepmc3
full6f365_ee_LR100_epmum_WT_A07F3_S0__P12_1M_0010.hepmc3	25000	570549969	5b9dc5ca812b9a12144083844ac92a7b3fbb918707e0fd38bb39965590b339cd	/eos/user/c/cglenn/FCCWork/whizard/whizard_ttbar_spinpol/production/full6f_365gev_ee_ttbar_spinpol_v1/phase12_production_v1/20260821T162202Z_WT_A07F3_S0_1M_40x25k_v1p0p1/shower/phase12b_exactchain_v1/20260821T175012Z_P12B_1M_40x25k_P6_exact_v1/hepmc3/full6f365_ee_LR100_epmum_WT_A07F3_S0/full6f365_ee_LR100_epmum_WT_A07F3_S0__P12_1M_0010.hepmc3
full6f365_ee_LR100_epmum_WT_A07F3_S0__P12_1M_0011.hepmc3	25000	570380006	6d3e84f823857b1d8ab1037b57b92f2193fe38476f1d8beeb79d8057c1468ed1	/eos/user/c/cglenn/FCCWork/whizard/whizard_ttbar_spinpol/production/full6f_365gev_ee_ttbar_spinpol_v1/phase12_production_v1/20260821T162202Z_WT_A07F3_S0_1M_40x25k_v1p0p1/shower/phase12b_exactchain_v1/20260821T175012Z_P12B_1M_40x25k_P6_exact_v1/hepmc3/full6f365_ee_LR100_epmum_WT_A07F3_S0/full6f365_ee_LR100_epmum_WT_A07F3_S0__P12_1M_0011.hepmc3
full6f365_ee_LR100_epmum_WT_A07F3_S0__P12_1M_0012.hepmc3	25000	572317586	8a46a36e2f2be3563bd0ebdf424cbdb7e68774fe36b2d60a17733a5ac994bbf4	/eos/user/c/cglenn/FCCWork/whizard/whizard_ttbar_spinpol/production/full6f_365gev_ee_ttbar_spinpol_v1/phase12_production_v1/20260821T162202Z_WT_A07F3_S0_1M_40x25k_v1p0p1/shower/phase12b_exactchain_v1/20260821T175012Z_P12B_1M_40x25k_P6_exact_v1/hepmc3/full6f365_ee_LR100_epmum_WT_A07F3_S0/full6f365_ee_LR100_epmum_WT_A07F3_S0__P12_1M_0012.hepmc3
full6f365_ee_LR100_epmum_WT_A07F3_S0__P12_1M_0013.hepmc3	25000	571488940	0f69786e31418808aaf4084e612192c5b6081e15199ef7d830632d9bc51c445e	/eos/user/c/cglenn/FCCWork/whizard/whizard_ttbar_spinpol/production/full6f_365gev_ee_ttbar_spinpol_v1/phase12_production_v1/20260821T162202Z_WT_A07F3_S0_1M_40x25k_v1p0p1/shower/phase12b_exactchain_v1/20260821T175012Z_P12B_1M_40x25k_P6_exact_v1/hepmc3/full6f365_ee_LR100_epmum_WT_A07F3_S0/full6f365_ee_LR100_epmum_WT_A07F3_S0__P12_1M_0013.hepmc3
full6f365_ee_LR100_epmum_WT_A07F3_S0__P12_1M_0014.hepmc3	25000	570382154	5315525cddeba5b9116b37f5dd7af52393caa99cd5d93da6faa907d902e5f33b	/eos/user/c/cglenn/FCCWork/whizard/whizard_ttbar_spinpol/production/full6f_365gev_ee_ttbar_spinpol_v1/phase12_production_v1/20260821T162202Z_WT_A07F3_S0_1M_40x25k_v1p0p1/shower/phase12b_exactchain_v1/20260821T175012Z_P12B_1M_40x25k_P6_exact_v1/hepmc3/full6f365_ee_LR100_epmum_WT_A07F3_S0/full6f365_ee_LR100_epmum_WT_A07F3_S0__P12_1M_0014.hepmc3
full6f365_ee_LR100_epmum_WT_A07F3_S0__P12_1M_0015.hepmc3	25000	569834589	86095ec5195c7e2abe0b8b3c818a1481e3cbd1b265d64fa6280208fb25a1cd71	/eos/user/c/cglenn/FCCWork/whizard/whizard_ttbar_spinpol/production/full6f_365gev_ee_ttbar_spinpol_v1/phase12_production_v1/20260821T162202Z_WT_A07F3_S0_1M_40x25k_v1p0p1/shower/phase12b_exactchain_v1/20260821T175012Z_P12B_1M_40x25k_P6_exact_v1/hepmc3/full6f365_ee_LR100_epmum_WT_A07F3_S0/full6f365_ee_LR100_epmum_WT_A07F3_S0__P12_1M_0015.hepmc3
full6f365_ee_LR100_epmum_WT_A07F3_S0__P12_1M_0016.hepmc3	25000	569451286	e2b7c5781ea7cfd9861cf6263b64c38544a27d45b7496ad02b31e4d87837c8ee	/eos/user/c/cglenn/FCCWork/whizard/whizard_ttbar_spinpol/production/full6f_365gev_ee_ttbar_spinpol_v1/phase12_production_v1/20260821T162202Z_WT_A07F3_S0_1M_40x25k_v1p0p1/shower/phase12b_exactchain_v1/20260821T175012Z_P12B_1M_40x25k_P6_exact_v1/hepmc3/full6f365_ee_LR100_epmum_WT_A07F3_S0/full6f365_ee_LR100_epmum_WT_A07F3_S0__P12_1M_0016.hepmc3
full6f365_ee_LR100_epmum_WT_A07F3_S0__P12_1M_0017.hepmc3	25000	571517142	97ae476490d125d4935ed659215fc10caa82d92916fdfc7e3f252591bc7fdb8f	/eos/user/c/cglenn/FCCWork/whizard/whizard_ttbar_spinpol/production/full6f_365gev_ee_ttbar_spinpol_v1/phase12_production_v1/20260821T162202Z_WT_A07F3_S0_1M_40x25k_v1p0p1/shower/phase12b_exactchain_v1/20260821T175012Z_P12B_1M_40x25k_P6_exact_v1/hepmc3/full6f365_ee_LR100_epmum_WT_A07F3_S0/full6f365_ee_LR100_epmum_WT_A07F3_S0__P12_1M_0017.hepmc3
full6f365_ee_LR100_epmum_WT_A07F3_S0__P12_1M_0018.hepmc3	25000	569817033	e4ceb3598af54f14b8bc7f8f4989dd9477d455ddf9a3b7e74488247f6e35c49a	/eos/user/c/cglenn/FCCWork/whizard/whizard_ttbar_spinpol/production/full6f_365gev_ee_ttbar_spinpol_v1/phase12_production_v1/20260821T162202Z_WT_A07F3_S0_1M_40x25k_v1p0p1/shower/phase12b_exactchain_v1/20260821T175012Z_P12B_1M_40x25k_P6_exact_v1/hepmc3/full6f365_ee_LR100_epmum_WT_A07F3_S0/full6f365_ee_LR100_epmum_WT_A07F3_S0__P12_1M_0018.hepmc3
full6f365_ee_LR100_epmum_WT_A07F3_S0__P12_1M_0019.hepmc3	25000	569768643	195e8aaddaa8fb41a7b3c65f673cce246e97908aa7d46d8a98c1f58f753f4b42	/eos/user/c/cglenn/FCCWork/whizard/whizard_ttbar_spinpol/production/full6f_365gev_ee_ttbar_spinpol_v1/phase12_production_v1/20260821T162202Z_WT_A07F3_S0_1M_40x25k_v1p0p1/shower/phase12b_exactchain_v1/20260821T175012Z_P12B_1M_40x25k_P6_exact_v1/hepmc3/full6f365_ee_LR100_epmum_WT_A07F3_S0/full6f365_ee_LR100_epmum_WT_A07F3_S0__P12_1M_0019.hepmc3
full6f365_ee_LR100_epmum_WT_A07F3_S0__P12_1M_0020.hepmc3	25000	572832765	dd35735f2d1a152841597db2025770eca056742db1873d7f2a26cd6db0a44592	/eos/user/c/cglenn/FCCWork/whizard/whizard_ttbar_spinpol/production/full6f_365gev_ee_ttbar_spinpol_v1/phase12_production_v1/20260821T162202Z_WT_A07F3_S0_1M_40x25k_v1p0p1/shower/phase12b_exactchain_v1/20260821T175012Z_P12B_1M_40x25k_P6_exact_v1/hepmc3/full6f365_ee_LR100_epmum_WT_A07F3_S0/full6f365_ee_LR100_epmum_WT_A07F3_S0__P12_1M_0020.hepmc3
full6f365_ee_LR100_epmum_WT_A07F3_S0__P12_1M_0021.hepmc3	25000	569451455	38217a773a65a85725cd6029a2c81bc621c94b36282523c8e434a38d3cb91878	/eos/user/c/cglenn/FCCWork/whizard/whizard_ttbar_spinpol/production/full6f_365gev_ee_ttbar_spinpol_v1/phase12_production_v1/20260821T162202Z_WT_A07F3_S0_1M_40x25k_v1p0p1/shower/phase12b_exactchain_v1/20260821T175012Z_P12B_1M_40x25k_P6_exact_v1/hepmc3/full6f365_ee_LR100_epmum_WT_A07F3_S0/full6f365_ee_LR100_epmum_WT_A07F3_S0__P12_1M_0021.hepmc3
full6f365_ee_LR100_epmum_WT_A07F3_S0__P12_1M_0022.hepmc3	25000	569410304	5c8d193c75416a0d5e9d68bb7f9db57dc2e0a7fbb4e8d276fae40c58c0ec9735	/eos/user/c/cglenn/FCCWork/whizard/whizard_ttbar_spinpol/production/full6f_365gev_ee_ttbar_spinpol_v1/phase12_production_v1/20260821T162202Z_WT_A07F3_S0_1M_40x25k_v1p0p1/shower/phase12b_exactchain_v1/20260821T175012Z_P12B_1M_40x25k_P6_exact_v1/hepmc3/full6f365_ee_LR100_epmum_WT_A07F3_S0/full6f365_ee_LR100_epmum_WT_A07F3_S0__P12_1M_0022.hepmc3
full6f365_ee_LR100_epmum_WT_A07F3_S0__P12_1M_0023.hepmc3	25000	570443487	b6ea4cec066f4193691d2c3d7d3d8a7ddf0e15e38d05e699211dc8a1c5a64ff1	/eos/user/c/cglenn/FCCWork/whizard/whizard_ttbar_spinpol/production/full6f_365gev_ee_ttbar_spinpol_v1/phase12_production_v1/20260821T162202Z_WT_A07F3_S0_1M_40x25k_v1p0p1/shower/phase12b_exactchain_v1/20260821T175012Z_P12B_1M_40x25k_P6_exact_v1/hepmc3/full6f365_ee_LR100_epmum_WT_A07F3_S0/full6f365_ee_LR100_epmum_WT_A07F3_S0__P12_1M_0023.hepmc3
full6f365_ee_LR100_epmum_WT_A07F3_S0__P12_1M_0024.hepmc3	25000	570233508	23ef67b624bd7a929053aa941c5f0d2f218ffb30abf484f55aaad03cadce9d0a	/eos/user/c/cglenn/FCCWork/whizard/whizard_ttbar_spinpol/production/full6f_365gev_ee_ttbar_spinpol_v1/phase12_production_v1/20260821T162202Z_WT_A07F3_S0_1M_40x25k_v1p0p1/shower/phase12b_exactchain_v1/20260821T175012Z_P12B_1M_40x25k_P6_exact_v1/hepmc3/full6f365_ee_LR100_epmum_WT_A07F3_S0/full6f365_ee_LR100_epmum_WT_A07F3_S0__P12_1M_0024.hepmc3
full6f365_ee_LR100_epmum_WT_A07F3_S0__P12_1M_0025.hepmc3	25000	570723462	a5ca37a8becc6930fa6319b7a7640be73f845c8924519b1a145a686e976e0a73	/eos/user/c/cglenn/FCCWork/whizard/whizard_ttbar_spinpol/production/full6f_365gev_ee_ttbar_spinpol_v1/phase12_production_v1/20260821T162202Z_WT_A07F3_S0_1M_40x25k_v1p0p1/shower/phase12b_exactchain_v1/20260821T175012Z_P12B_1M_40x25k_P6_exact_v1/hepmc3/full6f365_ee_LR100_epmum_WT_A07F3_S0/full6f365_ee_LR100_epmum_WT_A07F3_S0__P12_1M_0025.hepmc3
full6f365_ee_LR100_epmum_WT_A07F3_S0__P12_1M_0026.hepmc3	25000	571620352	5a992f3815a00d97a99f0867b21150a7aacadc8c9bc9569e0ee1d592bb487c3a	/eos/user/c/cglenn/FCCWork/whizard/whizard_ttbar_spinpol/production/full6f_365gev_ee_ttbar_spinpol_v1/phase12_production_v1/20260821T162202Z_WT_A07F3_S0_1M_40x25k_v1p0p1/shower/phase12b_exactchain_v1/20260821T175012Z_P12B_1M_40x25k_P6_exact_v1/hepmc3/full6f365_ee_LR100_epmum_WT_A07F3_S0/full6f365_ee_LR100_epmum_WT_A07F3_S0__P12_1M_0026.hepmc3
full6f365_ee_LR100_epmum_WT_A07F3_S0__P12_1M_0027.hepmc3	25000	571421509	78892de9872eea3a134855c3167d089af7968da77518650499b18d2bf62ef025	/eos/user/c/cglenn/FCCWork/whizard/whizard_ttbar_spinpol/production/full6f_365gev_ee_ttbar_spinpol_v1/phase12_production_v1/20260821T162202Z_WT_A07F3_S0_1M_40x25k_v1p0p1/shower/phase12b_exactchain_v1/20260821T175012Z_P12B_1M_40x25k_P6_exact_v1/hepmc3/full6f365_ee_LR100_epmum_WT_A07F3_S0/full6f365_ee_LR100_epmum_WT_A07F3_S0__P12_1M_0027.hepmc3
full6f365_ee_LR100_epmum_WT_A07F3_S0__P12_1M_0028.hepmc3	25000	571965706	0e34eede0e40b4312b72c8aa92ddb109eff779330cd33809f7e46fbecc90a7ad	/eos/user/c/cglenn/FCCWork/whizard/whizard_ttbar_spinpol/production/full6f_365gev_ee_ttbar_spinpol_v1/phase12_production_v1/20260821T162202Z_WT_A07F3_S0_1M_40x25k_v1p0p1/shower/phase12b_exactchain_v1/20260821T175012Z_P12B_1M_40x25k_P6_exact_v1/hepmc3/full6f365_ee_LR100_epmum_WT_A07F3_S0/full6f365_ee_LR100_epmum_WT_A07F3_S0__P12_1M_0028.hepmc3
full6f365_ee_LR100_epmum_WT_A07F3_S0__P12_1M_0029.hepmc3	25000	572395096	4996c3952a2b765c3fdcfb4e2f520db974f86b44122d115513dd1d4588c33f2d	/eos/user/c/cglenn/FCCWork/whizard/whizard_ttbar_spinpol/production/full6f_365gev_ee_ttbar_spinpol_v1/phase12_production_v1/20260821T162202Z_WT_A07F3_S0_1M_40x25k_v1p0p1/shower/phase12b_exactchain_v1/20260821T175012Z_P12B_1M_40x25k_P6_exact_v1/hepmc3/full6f365_ee_LR100_epmum_WT_A07F3_S0/full6f365_ee_LR100_epmum_WT_A07F3_S0__P12_1M_0029.hepmc3
full6f365_ee_LR100_epmum_WT_A07F3_S0__P12_1M_0030.hepmc3	25000	572078618	354adfdd72f794eaca675ca6209a898bda710565e126de262db6eb63eaddb00d	/eos/user/c/cglenn/FCCWork/whizard/whizard_ttbar_spinpol/production/full6f_365gev_ee_ttbar_spinpol_v1/phase12_production_v1/20260821T162202Z_WT_A07F3_S0_1M_40x25k_v1p0p1/shower/phase12b_exactchain_v1/20260821T175012Z_P12B_1M_40x25k_P6_exact_v1/hepmc3/full6f365_ee_LR100_epmum_WT_A07F3_S0/full6f365_ee_LR100_epmum_WT_A07F3_S0__P12_1M_0030.hepmc3
full6f365_ee_LR100_epmum_WT_A07F3_S0__P12_1M_0031.hepmc3	25000	570335189	a25566c73fe9d17fb4027962005c65219600f9e88622b133aefc9811d531c6b2	/eos/user/c/cglenn/FCCWork/whizard/whizard_ttbar_spinpol/production/full6f_365gev_ee_ttbar_spinpol_v1/phase12_production_v1/20260821T162202Z_WT_A07F3_S0_1M_40x25k_v1p0p1/shower/phase12b_exactchain_v1/20260821T175012Z_P12B_1M_40x25k_P6_exact_v1/hepmc3/full6f365_ee_LR100_epmum_WT_A07F3_S0/full6f365_ee_LR100_epmum_WT_A07F3_S0__P12_1M_0031.hepmc3
full6f365_ee_LR100_epmum_WT_A07F3_S0__P12_1M_0032.hepmc3	25000	570395724	7aa07ac4234465d62e3b1636a450e86454a215513d9033192e83d13151c21760	/eos/user/c/cglenn/FCCWork/whizard/whizard_ttbar_spinpol/production/full6f_365gev_ee_ttbar_spinpol_v1/phase12_production_v1/20260821T162202Z_WT_A07F3_S0_1M_40x25k_v1p0p1/shower/phase12b_exactchain_v1/20260821T175012Z_P12B_1M_40x25k_P6_exact_v1/hepmc3/full6f365_ee_LR100_epmum_WT_A07F3_S0/full6f365_ee_LR100_epmum_WT_A07F3_S0__P12_1M_0032.hepmc3
full6f365_ee_LR100_epmum_WT_A07F3_S0__P12_1M_0033.hepmc3	25000	570158650	e0e971d4799aa0630c1ad80c61411550f574ac2581eef678c5c7ef3c9a8c750c	/eos/user/c/cglenn/FCCWork/whizard/whizard_ttbar_spinpol/production/full6f_365gev_ee_ttbar_spinpol_v1/phase12_production_v1/20260821T162202Z_WT_A07F3_S0_1M_40x25k_v1p0p1/shower/phase12b_exactchain_v1/20260821T175012Z_P12B_1M_40x25k_P6_exact_v1/hepmc3/full6f365_ee_LR100_epmum_WT_A07F3_S0/full6f365_ee_LR100_epmum_WT_A07F3_S0__P12_1M_0033.hepmc3
full6f365_ee_LR100_epmum_WT_A07F3_S0__P12_1M_0034.hepmc3	25000	570606376	d4beee128e3591576936ad2e22524fc85b5b5cfce5c5c94851389453832a8f0e	/eos/user/c/cglenn/FCCWork/whizard/whizard_ttbar_spinpol/production/full6f_365gev_ee_ttbar_spinpol_v1/phase12_production_v1/20260821T162202Z_WT_A07F3_S0_1M_40x25k_v1p0p1/shower/phase12b_exactchain_v1/20260821T175012Z_P12B_1M_40x25k_P6_exact_v1/hepmc3/full6f365_ee_LR100_epmum_WT_A07F3_S0/full6f365_ee_LR100_epmum_WT_A07F3_S0__P12_1M_0034.hepmc3
full6f365_ee_LR100_epmum_WT_A07F3_S0__P12_1M_0035.hepmc3	25000	569236379	09ec96b623b9e5490a5093e1e471a595b938bef7ef36a8dcf93bffc238b2d8db	/eos/user/c/cglenn/FCCWork/whizard/whizard_ttbar_spinpol/production/full6f_365gev_ee_ttbar_spinpol_v1/phase12_production_v1/20260821T162202Z_WT_A07F3_S0_1M_40x25k_v1p0p1/shower/phase12b_exactchain_v1/20260821T175012Z_P12B_1M_40x25k_P6_exact_v1/hepmc3/full6f365_ee_LR100_epmum_WT_A07F3_S0/full6f365_ee_LR100_epmum_WT_A07F3_S0__P12_1M_0035.hepmc3
full6f365_ee_LR100_epmum_WT_A07F3_S0__P12_1M_0036.hepmc3	25000	573224177	574c52e151b249ed400c1c96bccce34bfe26164a390af0dc3020fde60afdaec2	/eos/user/c/cglenn/FCCWork/whizard/whizard_ttbar_spinpol/production/full6f_365gev_ee_ttbar_spinpol_v1/phase12_production_v1/20260821T162202Z_WT_A07F3_S0_1M_40x25k_v1p0p1/shower/phase12b_exactchain_v1/20260821T175012Z_P12B_1M_40x25k_P6_exact_v1/hepmc3/full6f365_ee_LR100_epmum_WT_A07F3_S0/full6f365_ee_LR100_epmum_WT_A07F3_S0__P12_1M_0036.hepmc3
full6f365_ee_LR100_epmum_WT_A07F3_S0__P12_1M_0037.hepmc3	25000	571072736	1951b47c71b7d03da9061d2604ecbac2e44711e025eb860ea919b4d5a3a47e77	/eos/user/c/cglenn/FCCWork/whizard/whizard_ttbar_spinpol/production/full6f_365gev_ee_ttbar_spinpol_v1/phase12_production_v1/20260821T162202Z_WT_A07F3_S0_1M_40x25k_v1p0p1/shower/phase12b_exactchain_v1/20260821T175012Z_P12B_1M_40x25k_P6_exact_v1/hepmc3/full6f365_ee_LR100_epmum_WT_A07F3_S0/full6f365_ee_LR100_epmum_WT_A07F3_S0__P12_1M_0037.hepmc3
full6f365_ee_LR100_epmum_WT_A07F3_S0__P12_1M_0038.hepmc3	25000	571206348	918cc45760334067801c06a012e917f71f2d13d13e0e4e46270a909bf463d446	/eos/user/c/cglenn/FCCWork/whizard/whizard_ttbar_spinpol/production/full6f_365gev_ee_ttbar_spinpol_v1/phase12_production_v1/20260821T162202Z_WT_A07F3_S0_1M_40x25k_v1p0p1/shower/phase12b_exactchain_v1/20260821T175012Z_P12B_1M_40x25k_P6_exact_v1/hepmc3/full6f365_ee_LR100_epmum_WT_A07F3_S0/full6f365_ee_LR100_epmum_WT_A07F3_S0__P12_1M_0038.hepmc3
full6f365_ee_LR100_epmum_WT_A07F3_S0__P12_1M_0039.hepmc3	25000	572990325	67f7b21cbd413b49320c1bfc661857adff19eb832f775387494d2c4e9eeee9c5	/eos/user/c/cglenn/FCCWork/whizard/whizard_ttbar_spinpol/production/full6f_365gev_ee_ttbar_spinpol_v1/phase12_production_v1/20260821T162202Z_WT_A07F3_S0_1M_40x25k_v1p0p1/shower/phase12b_exactchain_v1/20260821T175012Z_P12B_1M_40x25k_P6_exact_v1/hepmc3/full6f365_ee_LR100_epmum_WT_A07F3_S0/full6f365_ee_LR100_epmum_WT_A07F3_S0__P12_1M_0039.hepmc3
full6f365_ee_LR100_epmum_WT_A07F3_S0__P12_1M_0040.hepmc3	25000	570596682	7fbc586abbd56d67c05538104d7acb3b559a0e84f5cee75e72dc0a2bb13b10d2	/eos/user/c/cglenn/FCCWork/whizard/whizard_ttbar_spinpol/production/full6f_365gev_ee_ttbar_spinpol_v1/phase12_production_v1/20260821T162202Z_WT_A07F3_S0_1M_40x25k_v1p0p1/shower/phase12b_exactchain_v1/20260821T175012Z_P12B_1M_40x25k_P6_exact_v1/hepmc3/full6f365_ee_LR100_epmum_WT_A07F3_S0/full6f365_ee_LR100_epmum_WT_A07F3_S0__P12_1M_0040.hepmc3
