node	stage	mode	adaptive_id	fixed_id	seed_id	recipe_id	region_id	window_id	history_boundary_method	n_total_log_rows	n_inherited_parent_rows	n_segment_rows	n_iteration_rows	final_line_number	final_iteration	final_calls	final_integral_fb	final_error_fb	final_relative_error_pct	max_postfirst_reported_error_pct	max_accuracy	min_efficiency_pct	max_normalized_iteration_jump	numerical_screen_pass	parent_numerical_screen_pass	grid_candidate_screen_pass
P_A00_S0	adaptive	A00_S0	A00		S0				full_adaptive_history	6	0	6	5	158	5	250006	11.567924	0.0722	0.6241396468372372	3.76	37.17	0.76	1.0694342201452463	1		1
P_A00_S1	adaptive	A00_S1	A00		S1				full_adaptive_history	6	0	6	5	158	5	250007	11.386192	0.0768	0.6745011852953121	5.28	38.07	0.38	1.2119349786752465	1		1
P_A00_S2	adaptive	A00_S2	A00		S2				full_adaptive_history	6	0	6	5	158	5	249991	11.524139	0.0704	0.6108916249621773	3.49	40.38	0.72	0.8884728610490494	1		1
P_A00_S3	adaptive	A00_S3	A00		S3				full_adaptive_history	6	0	6	5	158	5	250007	11.383322	0.0775	0.6808205899824322	5.85	51.18	0.35	0.8400882352941106	1		1
P_A00_S4	adaptive	A00_S4	A00		S4				full_adaptive_history	6	0	6	5	158	5	249984	11.552447	0.0646	0.5591888887263452	2.91	37.62	1.13	0.3514917678726172	1		1
P_A00_S5	adaptive	A00_S5	A00		S5				full_adaptive_history	6	0	6	5	158	5	250006	11.557616	0.0788	0.6818015064698464	6.59	46.28	0.3	0.8733459728597543	1		1
P_A00_S6	adaptive	A00_S6	A00		S6				full_adaptive_history	6	0	6	5	158	5	250018	11.40603	0.069	0.6049431747943852	3.34	37.16	1.01	1.8762831378725664	1		1
P_A00_S7	adaptive	A00_S7	A00		S7				full_adaptive_history	6	0	6	5	158	5	250019	11.371481	0.0728	0.6401980533582213	5.26	36.74	0.52	1.0269866078327794	1		1
P_A01_S0	adaptive	A01_S0	A01		S0				full_adaptive_history	3	0	3	2	155	2	249993	11.720126	0.18	1.5358196661025658	1.55	37.53	0.9	0.62016103875431	1		1
P_A01_S1	adaptive	A01_S1	A01		S1				full_adaptive_history	3	0	3	2	155	2	249991	11.454941	0.158	1.3793174491252291	1.39	37.09	1.56	1.100427065922696	1		1
P_A01_S2	adaptive	A01_S2	A01		S2				full_adaptive_history	3	0	3	2	155	2	250011	11.771491	0.168	1.4271768971322327	1.44	37.59	1.24	0.46326641498151694	1		1
P_A01_S3	adaptive	A01_S3	A01		S3				full_adaptive_history	3	0	3	2	155	2	249987	11.24499	0.175	1.556248604934286	1.57	42.06	0.81	0.6726208510552971	1		1
P_A01_S4	adaptive	A01_S4	A01		S4				full_adaptive_history	3	0	3	2	155	2	250003	11.570701	0.15	1.2963778080515604	1.31	38.91	1.58	0.14357477585547654	1		1
P_A01_S5	adaptive	A01_S5	A01		S5				full_adaptive_history	3	0	3	2	155	2	249982	11.627303	0.159	1.367471029180198	1.38	42.95	1.4	0.4797968756380489	1		1
P_A01_S6	adaptive	A01_S6	A01		S6				full_adaptive_history	3	0	3	2	155	2	250008	11.296975	0.148	1.3100852219288792	1.32	37.02	1.56	0.7386296572169516	1		1
P_A01_S7	adaptive	A01_S7	A01		S7				full_adaptive_history	3	0	3	2	155	2	249977	11.416011	0.145	1.2701459380163527	1.28	37.31	1.57	1.472156814343933	1		1
P_A02_S0	adaptive	A02_S0	A02		S0				full_adaptive_history	2	0	2	1	154	1	250004	12.496459	0.949	7.594151271172097	7.6	37.99	1.96	0.0	0		0
P_A02_S1	adaptive	A02_S1	A02		S1				full_adaptive_history	2	0	2	1	154	1	250003	12.121186	0.955	7.878766978742839	7.88	39.38	2.24	0.0	0		0
P_A02_S2	adaptive	A02_S2	A02		S2				full_adaptive_history	2	0	2	1	154	1	249984	11.674902	0.951	8.145678653234091	8.14	40.72	1.83	0.0	0		0
P_A02_S3	adaptive	A02_S3	A02		S3				full_adaptive_history	2	0	2	1	154	1	250004	10.218202	0.804	7.868311861519278	7.87	39.37	2.05	0.0	0		0
P_A02_S4	adaptive	A02_S4	A02		S4				full_adaptive_history	2	0	2	1	154	1	249970	11.200673	0.897	8.008447349547657	8.01	40.04	1.91	0.0	0		0
P_A02_S5	adaptive	A02_S5	A02		S5				full_adaptive_history	2	0	2	1	154	1	250016	11.860951	0.992	8.363578940676849	8.37	41.83	1.63	0.0	0		0
P_A02_S6	adaptive	A02_S6	A02		S6				full_adaptive_history	2	0	2	1	154	1	250012	11.934491	0.875	7.331690978693603	7.33	36.66	2.09	0.0	0		0
P_A02_S7	adaptive	A02_S7	A02		S7				full_adaptive_history	2	0	2	1	154	1	249983	12.75148	0.966	7.575591225489118	7.58	37.89	2.05	0.0	0		0
P_A03_S0	adaptive	A03_S0	A03		S0				full_adaptive_history	6	0	6	5	158	5	500002	11.517743	0.0417	0.36205009957245965	1.97	38.3	0.75	0.7157704131441546	1		1
P_A03_S1	adaptive	A03_S1	A03		S1				full_adaptive_history	6	0	6	5	158	5	499995	11.418789	0.0432	0.3783238310122028	1.83	38.48	1.07	0.8662114567898779	1		1
P_A03_S2	adaptive	A03_S2	A03		S2				full_adaptive_history	6	0	6	5	158	5	500005	11.550758	0.0412	0.3566865481901707	1.71	37.93	0.97	0.6400632086407468	1		1
P_A03_S3	adaptive	A03_S3	A03		S3				full_adaptive_history	6	0	6	5	158	5	500029	11.476292	0.0416	0.36248641982968016	1.86	43.8	0.88	1.0699502819440743	1		1
P_A03_S4	adaptive	A03_S4	A03		S4				full_adaptive_history	6	0	6	5	158	5	500015	11.526196	0.0428	0.37132806001216706	1.55	39.55	1.57	1.1986481037940937	1		1
P_A03_S5	adaptive	A03_S5	A03		S5				full_adaptive_history	6	0	6	5	158	5	499998	11.557689	0.043	0.372046695494229	1.61	42.3	1.22	1.1246188650361186	1		1
P_A03_S6	adaptive	A03_S6	A03		S6				full_adaptive_history	6	0	6	5	158	5	499985	11.532298	0.0425	0.3685301923346067	1.72	37.55	1.16	0.675473087710692	1		1
P_A03_S7	adaptive	A03_S7	A03		S7				full_adaptive_history	6	0	6	5	158	5	499991	11.494572	0.043	0.3740896137759631	1.6	37.39	1.24	1.3731491544048497	1		1
P_A04_S0	adaptive	A04_S0	A04		S0				full_adaptive_history	3	0	3	2	155	2	500010	11.549129	0.0964	0.8346949800283641	0.84	37.99	1.76	1.0034129398243852	1		1
P_A04_S1	adaptive	A04_S1	A04		S1				full_adaptive_history	3	0	3	2	155	2	500013	11.364965	0.0962	0.8464610317761647	0.85	39.38	1.65	0.7959019859153291	1		1
P_A04_S2	adaptive	A04_S2	A04		S2				full_adaptive_history	3	0	3	2	155	2	499971	11.676497	0.0962	0.8238772296177527	0.83	40.72	1.69	0.0016863623337993452	1		1
P_A04_S3	adaptive	A04_S3	A04		S3				full_adaptive_history	3	0	3	2	155	2	499992	11.393882	0.0958	0.8408021076574252	0.85	39.37	1.61	1.4727568014911698	1		1
P_A04_S4	adaptive	A04_S4	A04		S4				full_adaptive_history	3	0	3	2	155	2	499973	11.358353	0.0925	0.8143786339445517	0.82	40.04	1.91	0.17672826982402853	1		1
P_A04_S5	adaptive	A04_S5	A04		S5				full_adaptive_history	3	0	3	2	155	2	500007	11.562805	0.099	0.8561936312166467	0.86	41.83	1.63	0.3020569497864915	1		1
P_A04_S6	adaptive	A04_S6	A04		S6				full_adaptive_history	3	0	3	2	155	2	500034	11.467673	0.0925	0.8066152566436103	0.81	36.66	1.84	0.5365084212364678	1		1
P_A04_S7	adaptive	A04_S7	A04		S7				full_adaptive_history	3	0	3	2	155	2	499988	11.54118	0.0888	0.7694187249484021	0.77	37.89	1.97	1.2582165947166364	1		1
P_A05_S0	adaptive	A05_S0	A05		S0				full_adaptive_history	2	0	2	1	154	1	499986	12.565393	0.697	5.5469813001471575	5.54	39.2	1.46	0.0	0		0
P_A05_S1	adaptive	A05_S1	A05		S1				full_adaptive_history	2	0	2	1	154	1	499989	11.774702	0.649	5.51181677464109	5.51	38.99	1.6	0.0	0		0
P_A05_S2	adaptive	A05_S2	A05		S2				full_adaptive_history	2	0	2	1	154	1	500011	12.14997	0.715	5.884788192892657	5.88	41.61	1.45	0.0	0		0
P_A05_S3	adaptive	A05_S3	A05		S3				full_adaptive_history	2	0	2	1	154	1	499995	11.373148	0.669	5.8822763934840205	5.88	41.57	1.46	0.0	0		0
P_A05_S4	adaptive	A05_S4	A05		S4				full_adaptive_history	2	0	2	1	154	1	499993	12.726722	0.747	5.869539697653488	5.87	41.52	1.46	0.0	0		0
P_A05_S5	adaptive	A05_S5	A05		S5				full_adaptive_history	2	0	2	1	154	1	499983	11.720064	0.658	5.614303812675426	5.62	39.71	1.18	0.0	0		0
P_A05_S6	adaptive	A05_S6	A05		S6				full_adaptive_history	2	0	2	1	154	1	500006	12.147236	0.66	5.433334793199046	5.44	38.44	1.5	0.0	0		0
P_A05_S7	adaptive	A05_S7	A05		S7				full_adaptive_history	2	0	2	1	154	1	499993	12.081815	0.65	5.379986367942234	5.38	38.02	1.42	0.0	0		0
P_A06_S0	adaptive	A06_S0	A06		S0				full_adaptive_history	6	0	6	3	162	3	399997	11.53496	0.0468	0.40572312344386113	1.34	38.3	0.66	0.6262710326446009	1		1
P_A06_S1	adaptive	A06_S1	A06		S1				full_adaptive_history	6	0	6	3	162	3	400006	11.476063	0.0496	0.4322039709959766	1.27	38.48	0.88	1.1459272949939772	1		1
P_A06_S2	adaptive	A06_S2	A06		S2				full_adaptive_history	6	0	6	3	162	3	400008	11.532895	0.0458	0.39712491963206115	1.19	37.93	0.81	0.09815569452040651	1		1
P_A06_S3	adaptive	A06_S3	A06		S3				full_adaptive_history	6	0	6	3	162	3	399999	11.559389	0.0467	0.4040005920728163	1.31	43.8	0.77	1.4941944385158017	1		1
P_A06_S4	adaptive	A06_S4	A06		S4				full_adaptive_history	6	0	6	3	162	3	399995	11.465797	0.0463	0.40380969591560006	1.09	39.55	1.36	0.37348745934233085	1		1
P_A06_S5	adaptive	A06_S5	A06		S5				full_adaptive_history	6	0	6	3	162	3	400012	11.521342	0.0469	0.4070706346534978	1.14	42.3	1.09	1.1527227904184292	1		1
P_A06_S6	adaptive	A06_S6	A06		S6				full_adaptive_history	6	0	6	3	162	3	400002	11.515101	0.0458	0.39773858692164316	1.23	37.55	0.88	0.36097714681400395	1		1
P_A06_S7	adaptive	A06_S7	A06		S7				full_adaptive_history	6	0	6	3	162	3	400003	11.447899	0.0471	0.411429206354808	1.17	37.39	0.97	1.2611257704065695	1		1
P_A07_S0	adaptive	A07_S0	A07		S0				full_adaptive_history	11	0	11	10	163	10	1000000	11.48652	0.0209	0.1819524103035558	1.97	38.3	0.75	0.752373314244897	1		1
P_A07_S1	adaptive	A07_S1	A07		S1				full_adaptive_history	11	0	11	10	163	10	999991	11.505618	0.0218	0.18947265587993622	1.83	38.48	1.07	0.8662114567898779	1		1
P_A07_S2	adaptive	A07_S2	A07		S2				full_adaptive_history	11	0	11	10	163	10	1000000	11.517962	0.0212	0.18406033984137124	1.71	37.93	0.97	2.0454635557873413	1		1
P_A07_S3	adaptive	A07_S3	A07		S3				full_adaptive_history	11	0	11	10	163	10	1000030	11.492517	0.021	0.18272759570423086	1.86	43.8	0.88	1.0699502819440743	1		1
P_A07_S4	adaptive	A07_S4	A07		S4				full_adaptive_history	11	0	11	10	163	10	1000008	11.494915	0.0215	0.18703922560540898	1.55	39.55	1.57	2.216482786068443	1		1
P_A07_S5	adaptive	A07_S5	A07		S5				full_adaptive_history	11	0	11	10	163	10	999978	11.506425	0.0218	0.1894593672665489	1.61	42.3	1.22	1.8660533712864296	1		1
P_A07_S6	adaptive	A07_S6	A07		S6				full_adaptive_history	11	0	11	10	163	10	999975	11.487045	0.0215	0.18716736985012244	1.72	37.55	1.16	1.8101043545924418	1		1
P_A07_S7	adaptive	A07_S7	A07		S7				full_adaptive_history	11	0	11	10	163	10	999982	11.490825	0.0214	0.18623554009394452	1.6	37.39	1.24	1.3731491544048497	1		1
P_A08_S0	adaptive	A08_S0	A08		S0				full_adaptive_history	5	0	5	4	157	4	1000000	11.505541	0.0308	0.2676971035086486	0.84	37.99	1.76	1.0034129398243852	1		1
P_A08_S1	adaptive	A08_S1	A08		S1				full_adaptive_history	5	0	5	4	157	4	999989	11.490275	0.0322	0.28023698301389655	0.85	39.38	1.65	1.1184801320195776	1		1
P_A08_S2	adaptive	A08_S2	A08		S2				full_adaptive_history	5	0	5	4	157	4	999973	11.541783	0.031	0.2685893505362213	0.83	40.72	1.69	1.1346098855486686	1		1
P_A08_S3	adaptive	A08_S3	A08		S3				full_adaptive_history	5	0	5	4	157	4	999993	11.492927	0.0308	0.26799091301980776	0.85	39.37	1.61	1.4727568014911698	1		1
P_A08_S4	adaptive	A08_S4	A08		S4				full_adaptive_history	5	0	5	4	157	4	999983	11.48256	0.0324	0.28216704288939054	0.82	40.04	1.91	0.9934420415596081	1		1
P_A08_S5	adaptive	A08_S5	A08		S5				full_adaptive_history	5	0	5	4	157	4	1000000	11.504036	0.0325	0.28250954708417114	0.86	41.83	1.63	0.6366667098646184	1		1
P_A08_S6	adaptive	A08_S6	A08		S6				full_adaptive_history	5	0	5	4	157	4	1000035	11.481878	0.0318	0.2769581770508274	0.81	36.66	1.84	0.5365084212364678	1		1
P_A08_S7	adaptive	A08_S7	A08		S7				full_adaptive_history	5	0	5	4	157	4	999988	11.483211	0.0314	0.273442680797209	0.77	37.89	1.97	1.2582165947166364	1		1
P_A09_S0	adaptive	A09_S0	A09		S0				full_adaptive_history	3	0	3	2	155	2	999975	11.522925	0.059	0.5120227719958257	0.51	39.2	1.46	1.5010445081026849	1		1
P_A09_S1	adaptive	A09_S1	A09		S1				full_adaptive_history	3	0	3	2	155	2	999994	11.42292	0.0608	0.5322632041544544	0.54	38.99	1.6	0.544432355849136	1		1
P_A09_S2	adaptive	A09_S2	A09		S2				full_adaptive_history	3	0	3	2	155	2	999998	11.565658	0.0582	0.5032139113918118	0.51	41.61	1.45	0.8199422137351575	1		1
P_A09_S3	adaptive	A09_S3	A09		S3				full_adaptive_history	3	0	3	2	155	2	999988	11.505389	0.0608	0.5284480168380227	0.53	41.57	1.46	0.198491977796751	1		1
P_A09_S4	adaptive	A09_S4	A09		S4				full_adaptive_history	3	0	3	2	155	2	999995	11.506432	0.0589	0.5118876120764456	0.51	41.52	1.46	1.6386932920674155	1		1
P_A09_S5	adaptive	A09_S5	A09		S5				full_adaptive_history	3	0	3	2	155	2	999972	11.564528	0.0645	0.557740013254324	0.56	39.71	1.18	0.23751768563456016	1		1
P_A09_S6	adaptive	A09_S6	A09		S6				full_adaptive_history	3	0	3	2	155	2	999992	11.494896	0.0614	0.5341501132328644	0.54	38.44	1.5	0.9926973956473951	1		1
P_A09_S7	adaptive	A09_S7	A09		S7				full_adaptive_history	3	0	3	2	155	2	999991	11.580773	0.0603	0.5206906309276591	0.52	38.02	1.42	0.7741857544536179	1		1
P_A10_S0	adaptive	A10_S0	A10		S0				full_adaptive_history	2	0	2	1	154	1	1000027	12.308326	0.496	4.02979251605783	4.03	40.3	1.07	0.0	0		0
P_A10_S1	adaptive	A10_S1	A10		S1				full_adaptive_history	2	0	2	1	154	1	999982	11.603961	0.46	3.964163616199676	3.96	39.64	1.18	0.0	0		0
P_A10_S2	adaptive	A10_S2	A10		S2				full_adaptive_history	2	0	2	1	154	1	999978	12.163619	0.509	4.18460985994382	4.19	41.88	1.07	0.0	0		0
P_A10_S3	adaptive	A10_S3	A10		S3				full_adaptive_history	2	0	2	1	154	1	999976	11.478528	0.468	4.077177840224809	4.08	40.81	1.1	0.0	0		0
P_A10_S4	adaptive	A10_S4	A10		S4				full_adaptive_history	2	0	2	1	154	1	1000026	12.112179	0.509	4.202381751458594	4.2	42.03	1.02	0.0	0		0
P_A10_S5	adaptive	A10_S5	A10		S5				full_adaptive_history	2	0	2	1	154	1	999988	11.779802	0.459	3.896500127930843	3.9	38.98	1.03	0.0	0		0
P_A10_S6	adaptive	A10_S6	A10		S6				full_adaptive_history	2	0	2	1	154	1	999991	12.215599	0.489	4.003078359071872	4.01	40.05	1.02	0.0	0		0
P_A10_S7	adaptive	A10_S7	A10		S7				full_adaptive_history	2	0	2	1	154	1	1000009	11.750077	0.454	3.8638044669834932	3.86	38.62	1.03	0.0	0		0
P_A11_S0	adaptive	A11_S0	A11		S0				full_adaptive_history	6	0	6	3	162	3	600010	11.49877	0.0377	0.32786115384515035	1.07	38.3	0.65	0.6768075364086735	1		1
P_A11_S1	adaptive	A11_S1	A11		S1				full_adaptive_history	6	0	6	3	162	3	600002	11.439074	0.0394	0.3444334742480029	1.07	38.48	0.77	1.3856004569147349	1		1
P_A11_S2	adaptive	A11_S2	A11		S2				full_adaptive_history	6	0	6	3	162	3	600000	11.515304	0.037	0.3213115346325203	0.97	37.93	0.74	0.25512621886277115	1		1
P_A11_S3	adaptive	A11_S3	A11		S3				full_adaptive_history	6	0	6	3	162	3	599995	11.571149	0.0377	0.325810340874532	1.07	43.8	0.71	1.835053801708933	1		1
P_A11_S4	adaptive	A11_S4	A11		S4				full_adaptive_history	6	0	6	3	162	3	599999	11.50656	0.0375	0.3259010512264308	0.89	39.55	1.24	0.9463837587171681	1		1
P_A11_S5	adaptive	A11_S5	A11		S5				full_adaptive_history	6	0	6	3	162	3	600003	11.489735	0.0374	0.32550794252434895	0.94	42.3	0.95	0.9460031443868941	1		1
P_A11_S6	adaptive	A11_S6	A11		S6				full_adaptive_history	6	0	6	3	162	3	599994	11.539845	0.0369	0.31976166057689687	0.98	37.55	0.86	0.2872564505387949	1		1
P_A11_S7	adaptive	A11_S7	A11		S7				full_adaptive_history	6	0	6	3	162	3	600004	11.475388	0.0377	0.3285291965726997	0.95	37.39	0.9	1.3076996105129217	1		1
P_A12_S0	adaptive	A12_S0	A12		S0				full_adaptive_history	6	0	6	3	162	3	1000003	11.478084	0.0257	0.2239049653234808	0.6	37.99	1.38	1.4832373304277502	1		1
P_A12_S1	adaptive	A12_S1	A12		S1				full_adaptive_history	6	0	6	3	162	3	999977	11.473097	0.0271	0.2362047492494834	0.61	39.38	1.34	1.0502410378939708	1		1
P_A12_S2	adaptive	A12_S2	A12		S2				full_adaptive_history	6	0	6	3	162	3	999996	11.534133	0.0261	0.22628488851307682	0.58	40.72	1.46	0.4655948886744911	1		1
P_A12_S3	adaptive	A12_S3	A12		S3				full_adaptive_history	6	0	6	3	162	3	1000001	11.517986	0.0259	0.2248657013474404	0.6	39.37	1.25	1.564114605321566	1		1
P_A12_S4	adaptive	A12_S4	A12		S4				full_adaptive_history	6	0	6	3	162	3	999995	11.480483	0.0274	0.23866591675628981	0.58	40.04	1.75	0.31631216448614796	1		1
P_A12_S5	adaptive	A12_S5	A12		S5				full_adaptive_history	6	0	6	3	162	3	1000004	11.49083	0.0276	0.24019152663471655	0.61	41.83	1.55	1.0043635306711287	1		1
P_A12_S6	adaptive	A12_S6	A12		S6				full_adaptive_history	6	0	6	3	162	3	999992	11.502586	0.0266	0.23125234621153884	0.58	36.66	1.61	0.4747219107719922	1		1
P_A12_S7	adaptive	A12_S7	A12		S7				full_adaptive_history	6	0	6	3	162	3	999995	11.469155	0.0263	0.22931070336044806	0.55	37.89	1.65	1.3212349881340442	1		1
P_A13_S0	adaptive	A13_S0	A13		S0				full_adaptive_history	3	0	3	2	155	2	2000041	11.538515	0.0417	0.36139832552109175	0.36	40.3	1.07	1.5575572280225534	1		1
P_A13_S1	adaptive	A13_S1	A13		S1				full_adaptive_history	3	0	3	2	155	2	1999961	11.446755	0.042	0.36691621337226143	0.37	39.64	1.18	0.3431871434749338	1		1
P_A13_S2	adaptive	A13_S2	A13		S2				full_adaptive_history	3	0	3	2	155	2	1999989	11.510157	0.0405	0.3518631413976369	0.35	41.88	1.07	1.2878854447457717	1		1
P_A13_S3	adaptive	A13_S3	A13		S3				full_adaptive_history	3	0	3	2	155	2	1999979	11.489865	0.0425	0.3698912041177159	0.37	40.81	1.1	0.024324178822902862	1		1
P_A13_S4	adaptive	A13_S4	A13		S4				full_adaptive_history	3	0	3	2	155	2	2000010	11.509709	0.0406	0.3527456688957123	0.35	42.03	1.02	1.187415402316224	1		1
P_A13_S5	adaptive	A13_S5	A13		S5				full_adaptive_history	3	0	3	2	155	2	1999998	11.546285	0.0422	0.3654855219665893	0.37	38.98	1.03	0.51090760868297	1		1
P_A13_S6	adaptive	A13_S6	A13		S6				full_adaptive_history	3	0	3	2	155	2	2000003	11.486	0.0433	0.37698067212258396	0.38	40.05	1.02	1.4979049908411959	1		1
P_A13_S7	adaptive	A13_S7	A13		S7				full_adaptive_history	3	0	3	2	155	2	2000004	11.541705	0.0421	0.36476413146931064	0.37	38.62	1.03	0.4609600743653674	1		1
P_A14_S0	adaptive	A14_S0	A14		S0				full_adaptive_history	2	0	2	1	154	1	2000011	11.680035	0.335	2.8681420903276402	2.87	40.53	0.79	0.0	1		1
P_A14_S1	adaptive	A14_S1	A14		S1				full_adaptive_history	2	0	2	1	154	1	1999989	11.733097	0.333	2.838125347467936	2.84	40.18	0.74	0.0	1		1
P_A14_S2	adaptive	A14_S2	A14		S2				full_adaptive_history	2	0	2	1	154	1	1999999	11.685417	0.338	2.8924941232306907	2.89	40.87	0.8	0.0	1		1
P_A14_S3	adaptive	A14_S3	A14		S3				full_adaptive_history	2	0	2	1	154	1	2000000	11.762462	0.329	2.7970334781952966	2.8	39.6	0.83	0.0	1		1
P_A14_S4	adaptive	A14_S4	A14		S4				full_adaptive_history	2	0	2	1	154	1	1999992	11.915824	0.342	2.8701330264696763	2.87	40.61	0.81	0.0	1		1
P_A14_S5	adaptive	A14_S5	A14		S5				full_adaptive_history	2	0	2	1	154	1	1999996	11.524213	0.326	2.828826575836459	2.83	39.96	0.73	0.0	1		1
P_A14_S6	adaptive	A14_S6	A14		S6				full_adaptive_history	2	0	2	1	154	1	2000011	11.834402	0.335	2.83073027264073	2.83	40.08	0.76	0.0	1		1
P_A14_S7	adaptive	A14_S7	A14		S7				full_adaptive_history	2	0	2	1	154	1	1999975	11.504381	0.318	2.7641643648623946	2.76	39.05	0.76	0.0	1		1
L_FCCLEGACY_S0	control	FCCLEGACY_S0	FCCLEGACY	F3	S0	FCCLEGACY			full_adaptive_history	22	0	22	20	172	20	1999750	11.495036	0.0102	0.0887339543782203	11.27	35.59	1.27	1.9158315438614228	1	0	0
L_FCCLEGACY_S1	control	FCCLEGACY_S1	FCCLEGACY	F3	S1	FCCLEGACY			full_adaptive_history	22	0	22	20	172	20	1999740	11.508669	0.0101	0.08775993123097033	11.63	36.7	1.11	1.9707996296479846	1	0	0
L_FCCLEGACY_S2	control	FCCLEGACY_S2	FCCLEGACY	F3	S2	FCCLEGACY			full_adaptive_history	22	0	22	20	172	20	1999770	11.518021	0.0101	0.08768867499026092	11.27	35.58	2.1	3.3889768885257547	1	0	0
L_FCCLEGACY_S3	control	FCCLEGACY_S3	FCCLEGACY	F3	S3	FCCLEGACY			full_adaptive_history	22	0	22	20	172	20	1999740	11.500931	0.0102	0.08868847226368023	12.49	39.42	1.0	1.163146735376035	1	0	0
L_FCCLEGACY_S4	control	FCCLEGACY_S4	FCCLEGACY	F3	S4	FCCLEGACY			full_adaptive_history	22	0	22	20	172	20	1999700	11.487461	0.0102	0.0887924668471127	11.46	36.18	0.8	2.026708594132888	1	0	0
L_FCCLEGACY_S5	control	FCCLEGACY_S5	FCCLEGACY	F3	S5	FCCLEGACY			full_adaptive_history	22	0	22	20	172	20	1999730	11.498294	0.0101	0.08783911769867774	12.21	38.56	1.2	1.9409335689323393	1	0	0
L_FCCLEGACY_S6	control	FCCLEGACY_S6	FCCLEGACY	F3	S6	FCCLEGACY			full_adaptive_history	22	0	22	20	172	20	1999790	11.486819	0.01	0.087056303403057	11.06	34.93	1.59	2.8276686700280296	1	0	0
L_FCCLEGACY_S7	control	FCCLEGACY_S7	FCCLEGACY	F3	S7	FCCLEGACY			full_adaptive_history	22	0	22	20	172	20	1999780	11.495382	0.0102	0.08873128357108968	11.3	35.66	1.01	1.737289299065353	1	0	0
C_A00_S0_F0	fixed	A00_S0_F0	A00	F0	S0				first_explicit_parent_aggregate	10	6	4	3	161	8	600003	11.497279	0.0257	0.22353115028347142	0.39	1.73	6.17	1.3259410421159439	1	1	1
C_A00_S1_F0	fixed	A00_S1_F0	A00	F0	S1				first_explicit_parent_aggregate	10	6	4	3	161	8	599997	11.508203	0.0265	0.23027052963872813	0.4	1.79	5.64	1.6300226885638789	1	1	1
C_A00_S2_F0	fixed	A00_S2_F0	A00	F0	S2				first_explicit_parent_aggregate	10	6	4	3	161	8	600015	11.482492	0.0258	0.2246899018087711	0.39	1.74	5.77	0.281179687081688	1	1	1
C_A00_S3_F0	fixed	A00_S3_F0	A00	F0	S3				first_explicit_parent_aggregate	10	6	4	3	161	8	599997	11.495673	0.0258	0.22443227116846487	0.39	1.74	5.77	0.20079915274293086	1	1	1
C_A00_S4_F0	fixed	A00_S4_F0	A00	F0	S4				first_explicit_parent_aggregate	10	6	4	3	161	8	600003	11.46131	0.0254	0.22161515568464688	0.39	1.73	6.59	1.1062014198102468	1	1	1
C_A00_S5_F0	fixed	A00_S5_F0	A00	F0	S5				first_explicit_parent_aggregate	10	6	4	3	161	8	600009	11.481106	0.0265	0.2308139999752637	0.4	1.79	5.03	0.5448427578182182	1	1	1
C_A00_S6_F0	fixed	A00_S6_F0	A00	F0	S6				first_explicit_parent_aggregate	10	6	4	3	161	8	600003	11.502847	0.0267	0.23211644908430065	0.4	1.8	5.94	1.0622346881980902	1	1	1
C_A00_S7_F0	fixed	A00_S7_F0	A00	F0	S7				first_explicit_parent_aggregate	10	6	4	3	161	8	600003	11.458433	0.0262	0.22865255659303504	0.4	1.77	5.65	1.0301617457439802	1	1	1
C_A00_S0_F1	fixed	A00_S0_F1	A00	F1	S0				first_explicit_parent_aggregate	8	6	2	1	159	6	600003	11.491061	0.0256	0.2227818649644276	0.22	1.73	5.68	0.0	1	1	1
C_A00_S1_F1	fixed	A00_S1_F1	A00	F1	S1				first_explicit_parent_aggregate	8	6	2	1	159	6	600001	11.544507	0.0266	0.2304126109499522	0.23	1.78	4.73	0.0	1	1	1
C_A00_S2_F1	fixed	A00_S2_F1	A00	F1	S2				first_explicit_parent_aggregate	8	6	2	1	159	6	600000	11.489031	0.0258	0.22456201919900817	0.22	1.74	5.29	0.0	1	1	1
C_A00_S3_F1	fixed	A00_S3_F1	A00	F1	S3				first_explicit_parent_aggregate	8	6	2	1	159	6	600000	11.479678	0.0258	0.22474497978079178	0.22	1.74	5.74	0.0	1	1	1
C_A00_S4_F1	fixed	A00_S4_F1	A00	F1	S4				first_explicit_parent_aggregate	8	6	2	1	159	6	600001	11.46277	0.0255	0.22245931829740975	0.22	1.72	5.59	0.0	1	1	1
C_A00_S5_F1	fixed	A00_S5_F1	A00	F1	S5				first_explicit_parent_aggregate	8	6	2	1	159	6	600005	11.513014	0.0266	0.23104288764002195	0.23	1.79	4.71	0.0	1	1	1
C_A00_S6_F1	fixed	A00_S6_F1	A00	F1	S6				first_explicit_parent_aggregate	8	6	2	1	159	6	600002	11.509421	0.0267	0.23198386782445446	0.23	1.79	5.05	0.0	1	1	1
C_A00_S7_F1	fixed	A00_S7_F1	A00	F1	S7				first_explicit_parent_aggregate	8	6	2	1	159	6	599999	11.484383	0.0263	0.22900664319537237	0.23	1.77	4.78	0.0	1	1	1
C_A00_S0_F2	fixed	A00_S0_F2	A00	F2	S0				first_explicit_parent_aggregate	8	6	2	1	159	6	1939226	11.49313	0.014	0.12181189980449189	0.12	1.7	4.97	0.0	1	1	1
C_A00_S1_F2	fixed	A00_S1_F2	A00	F2	S1				first_explicit_parent_aggregate	8	6	2	1	159	6	1929728	11.488659	0.0146	0.12708184654101057	0.13	1.77	4.32	0.0	1	1	1
C_A00_S2_F2	fixed	A00_S2_F2	A00	F2	S2				first_explicit_parent_aggregate	8	6	2	1	159	6	1908144	11.486271	0.0144	0.12536705776835666	0.13	1.73	4.4	0.0	1	1	1
C_A00_S3_F2	fixed	A00_S3_F2	A00	F2	S3				first_explicit_parent_aggregate	8	6	2	1	159	6	1926418	11.497795	0.0141	0.12263220904529955	0.12	1.71	4.67	0.0	1	1	1
C_A00_S4_F2	fixed	A00_S4_F2	A00	F2	S4				first_explicit_parent_aggregate	8	6	2	1	159	6	1911040	11.484828	0.0141	0.12277066752762861	0.12	1.7	4.72	0.0	1	1	1
C_A00_S5_F2	fixed	A00_S5_F2	A00	F2	S5				first_explicit_parent_aggregate	8	6	2	1	159	6	1965566	11.5003	0.0143	0.12434458231524395	0.12	1.74	4.01	0.0	1	1	1
C_A00_S6_F2	fixed	A00_S6_F2	A00	F2	S6				first_explicit_parent_aggregate	8	6	2	1	159	6	1988553	11.503961	0.0143	0.12430501111747509	0.12	1.75	4.64	0.0	1	1	1
C_A00_S7_F2	fixed	A00_S7_F2	A00	F2	S7				first_explicit_parent_aggregate	8	6	2	1	159	6	1924334	11.508444	0.0145	0.12599444373192414	0.13	1.75	4.33	0.0	1	1	1
C_A01_S0_F0	fixed	A01_S0_F0	A01	F0	S0				first_explicit_parent_aggregate	7	3	4	3	158	5	599979	11.440314	0.0367	0.3207953907558831	0.56	2.49	3.08	1.6008818479218525	1	1	1
C_A01_S1_F0	fixed	A01_S1_F0	A01	F0	S1				first_explicit_parent_aggregate	7	3	4	3	158	5	599934	11.518862	0.0374	0.32468485168066086	0.57	2.53	3.11	0.39799266664290855	1	1	1
C_A01_S2_F0	fixed	A01_S2_F0	A01	F0	S2				first_explicit_parent_aggregate	7	3	4	3	158	5	600009	11.486453	0.0364	0.31689504148930925	0.55	2.46	2.7	0.6866138638819875	1	1	1
C_A01_S3_F0	fixed	A01_S3_F0	A01	F0	S3				first_explicit_parent_aggregate	7	3	4	3	158	5	599991	11.5078	0.0381	0.33107978936026	0.57	2.57	2.65	1.138528244753922	1	1	1
C_A01_S4_F0	fixed	A01_S4_F0	A01	F0	S4				first_explicit_parent_aggregate	7	3	4	3	158	5	599970	11.486608	0.0375	0.32646713459708904	0.57	2.54	2.88	1.1343859010050805	1	1	1
C_A01_S5_F0	fixed	A01_S5_F0	A01	F0	S5				first_explicit_parent_aggregate	7	3	4	3	158	5	600030	11.483338	0.0381	0.33178506110331335	0.58	2.57	2.64	0.4356051736780103	1	1	1
C_A01_S6_F0	fixed	A01_S6_F0	A01	F0	S6				first_explicit_parent_aggregate	7	3	4	3	158	5	600030	11.521856	0.0376	0.3263363124829889	0.57	2.54	2.91	0.7878900788819028	1	1	1
C_A01_S7_F0	fixed	A01_S7_F0	A01	F0	S7				first_explicit_parent_aggregate	7	3	4	3	158	5	600018	11.464931	0.037	0.3227232680249013	0.56	2.51	3.18	0.1756193600634182	1	1	1
C_A01_S0_F1	fixed	A01_S0_F1	A01	F1	S0				first_explicit_parent_aggregate	5	3	2	1	156	3	599993	11.441514	0.0371	0.3242577861636144	0.32	2.51	1.8	0.0	1	1	1
C_A01_S1_F1	fixed	A01_S1_F1	A01	F1	S1				first_explicit_parent_aggregate	5	3	2	1	156	3	600002	11.559364	0.0378	0.3270076104533087	0.33	2.53	2.38	0.0	1	1	1
C_A01_S2_F1	fixed	A01_S2_F1	A01	F1	S2				first_explicit_parent_aggregate	5	3	2	1	156	3	600001	11.510689	0.0366	0.317965327705405	0.32	2.46	2.24	0.0	1	1	1
C_A01_S3_F1	fixed	A01_S3_F1	A01	F1	S3				first_explicit_parent_aggregate	5	3	2	1	156	3	599992	11.421745	0.0376	0.3291966332640065	0.33	2.55	2.32	0.0	1	1	1
C_A01_S4_F1	fixed	A01_S4_F1	A01	F1	S4				first_explicit_parent_aggregate	5	3	2	1	156	3	600003	11.467338	0.0373	0.32527165415373643	0.33	2.52	2.92	0.0	1	1	1
C_A01_S5_F1	fixed	A01_S5_F1	A01	F1	S5				first_explicit_parent_aggregate	5	3	2	1	156	3	600000	11.507664	0.038	0.33021471603619984	0.33	2.56	2.7	0.0	1	1	1
C_A01_S6_F1	fixed	A01_S6_F1	A01	F1	S6				first_explicit_parent_aggregate	5	3	2	1	156	3	600010	11.538813	0.0377	0.32672338133913775	0.33	2.53	2.23	0.0	1	1	1
C_A01_S7_F1	fixed	A01_S7_F1	A01	F1	S7				first_explicit_parent_aggregate	5	3	2	1	156	3	600004	11.501732	0.0373	0.32429898383999906	0.32	2.51	2.63	0.0	1	1	1
C_A01_S0_F2	fixed	A01_S0_F2	A01	F2	S0				first_explicit_parent_aggregate	5	3	2	1	156	3	1967742	11.466477	0.0202	0.17616570460133482	0.18	2.48	1.82	0.0	1	1	1
C_A01_S1_F2	fixed	A01_S1_F2	A01	F2	S1				first_explicit_parent_aggregate	5	3	2	1	156	3	1944384	11.508632	0.0211	0.1833406437880714	0.18	2.55	2.08	0.0	1	1	1
C_A01_S2_F2	fixed	A01_S2_F2	A01	F2	S2				first_explicit_parent_aggregate	5	3	2	1	156	3	1934102	11.493894	0.0205	0.17835556861756338	0.18	2.48	1.96	0.0	1	1	1
C_A01_S3_F2	fixed	A01_S3_F2	A01	F2	S3				first_explicit_parent_aggregate	5	3	2	1	156	3	1937343	11.471676	0.0215	0.18741812443098985	0.19	2.6	1.67	0.0	1	1	1
C_A01_S4_F2	fixed	A01_S4_F2	A01	F2	S4				first_explicit_parent_aggregate	5	3	2	1	156	3	1941475	11.496508	0.0211	0.18353399136503015	0.18	2.55	2.1	0.0	1	1	1
C_A01_S5_F2	fixed	A01_S5_F2	A01	F2	S5				first_explicit_parent_aggregate	5	3	2	1	156	3	1940916	11.478455	0.0214	0.1864362407658522	0.19	2.59	2.2	0.0	1	1	1
C_A01_S6_F2	fixed	A01_S6_F2	A01	F2	S6				first_explicit_parent_aggregate	5	3	2	1	156	3	1913781	11.511014	0.0212	0.18417143789417684	0.18	2.55	1.92	0.0	1	1	1
C_A01_S7_F2	fixed	A01_S7_F2	A01	F2	S7				first_explicit_parent_aggregate	5	3	2	1	156	3	1960519	11.505184	0.0206	0.17904972228171231	0.18	2.51	2.36	0.0	1	1	1
C_A02_S0_F0	fixed	A02_S0_F0	A02	F0	S0				fallback_no_parent_aggregate	6	0	6	4	157	4	602874	11.520073	0.0636	0.5520798349107684	7.6	37.99	1.65	0.982395150292849	1	0	0
C_A02_S1_F0	fixed	A02_S1_F0	A02	F0	S1				fallback_no_parent_aggregate	6	0	6	4	157	4	602820	11.552766	0.0635	0.5496519188564886	7.88	39.38	1.61	0.8743946096618054	1	0	0
C_A02_S2_F0	fixed	A02_S2_F0	A02	F0	S2				fallback_no_parent_aggregate	6	0	6	4	157	4	602832	11.580386	0.062	0.5353880259259061	8.14	40.72	1.39	1.102478529086322	1	0	0
C_A02_S3_F0	fixed	A02_S3_F0	A02	F0	S3				fallback_no_parent_aggregate	6	0	6	4	157	4	602820	11.541704	0.0634	0.5493123025854761	7.87	39.37	1.63	1.6087358068782018	1	0	0
C_A02_S4_F0	fixed	A02_S4_F0	A02	F0	S4				fallback_no_parent_aggregate	6	0	6	4	157	4	602901	11.383754	0.0605	0.5314591302658157	8.01	40.04	1.85	1.6980307697424477	1	0	0
C_A02_S5_F0	fixed	A02_S5_F0	A02	F0	S5				fallback_no_parent_aggregate	6	0	6	4	157	4	602838	11.49743	0.0638	0.5549066182616463	8.37	41.83	1.63	1.2900758709428775	1	0	0
C_A02_S6_F0	fixed	A02_S6_F0	A02	F0	S6				fallback_no_parent_aggregate	6	0	6	4	157	4	602955	11.538303	0.061	0.5286739306464737	7.33	36.66	2.03	1.237747425173887	1	0	0
C_A02_S7_F0	fixed	A02_S7_F0	A02	F0	S7				fallback_no_parent_aggregate	6	0	6	4	157	4	602571	11.520801	0.0581	0.5043052128059498	7.58	37.89	1.82	1.3071719766182532	1	0	0
C_A02_S0_F1	fixed	A02_S0_F1	A02	F1	S0				fallback_no_parent_aggregate	4	0	4	2	155	2	600023	11.483551	0.0631	0.5494816019887925	7.6	37.99	1.29	1.0649908683853095	1	0	0
C_A02_S1_F1	fixed	A02_S1_F1	A02	F1	S1				fallback_no_parent_aggregate	4	0	4	2	155	2	600000	11.481448	0.0633	0.5513241883776331	7.88	39.38	1.35	0.6684160224535031	1	0	0
C_A02_S2_F1	fixed	A02_S2_F1	A02	F1	S2				fallback_no_parent_aggregate	4	0	4	2	155	2	599995	11.515319	0.0609	0.5288607289125035	8.14	40.72	1.38	0.16746245030273924	1	0	0
C_A02_S3_F1	fixed	A02_S3_F1	A02	F1	S3				fallback_no_parent_aggregate	4	0	4	2	155	2	600003	11.56222	0.0635	0.5492024887954043	7.87	39.37	1.26	1.6664746448859906	1	0	0
C_A02_S4_F1	fixed	A02_S4_F1	A02	F1	S4				fallback_no_parent_aggregate	4	0	4	2	155	2	600026	11.421901	0.0609	0.5331862007909192	8.01	40.04	1.48	0.24606453236289927	1	0	0
C_A02_S5_F1	fixed	A02_S5_F1	A02	F1	S5				fallback_no_parent_aggregate	4	0	4	2	155	2	599988	11.567605	0.0642	0.5549982040361855	8.37	41.83	1.41	0.29509435473635626	1	0	0
C_A02_S6_F1	fixed	A02_S6_F1	A02	F1	S6				fallback_no_parent_aggregate	4	0	4	2	155	2	599990	11.626968	0.0621	0.5341031298959454	7.33	36.66	1.65	0.35057305776885567	1	0	0
C_A02_S7_F1	fixed	A02_S7_F1	A02	F1	S7				fallback_no_parent_aggregate	4	0	4	2	155	2	599984	11.474896	0.0573	0.4993509309365418	7.58	37.89	1.46	1.3191967825370228	1	0	0
C_A02_S0_F2	fixed	A02_S0_F2	A02	F2	S0				fallback_no_parent_aggregate	4	0	4	2	155	2	2000004	11.485693	0.0344	0.29950304261136007	7.6	37.99	0.99	1.064386298322404	1	0	0
C_A02_S1_F2	fixed	A02_S1_F2	A02	F2	S1				fallback_no_parent_aggregate	4	0	4	2	155	2	1995835	11.51001	0.0343	0.2980014787128769	7.88	39.38	1.03	0.6395624920502685	1	0	0
C_A02_S2_F2	fixed	A02_S2_F2	A02	F2	S2				fallback_no_parent_aggregate	4	0	4	2	155	2	1993208	11.470361	0.0326	0.2842107584931285	8.14	40.72	1.1	0.21495365712942757	1	0	0
C_A02_S3_F2	fixed	A02_S3_F2	A02	F2	S3				fallback_no_parent_aggregate	4	0	4	2	155	2	1991649	11.513684	0.0344	0.29877491860989064	7.87	39.37	1.01	1.6098231840532786	1	0	0
C_A02_S4_F2	fixed	A02_S4_F2	A02	F2	S4				fallback_no_parent_aggregate	4	0	4	2	155	2	1999990	11.466864	0.0335	0.2921461351595345	8.01	40.04	1.23	0.29655022903749145	1	0	0
C_A02_S5_F2	fixed	A02_S5_F2	A02	F2	S5				fallback_no_parent_aggregate	4	0	4	2	155	2	1999984	11.516996	0.0349	0.30303040827660266	8.37	41.83	1.06	0.34651445050948615	1	0	0
C_A02_S6_F2	fixed	A02_S6_F2	A02	F2	S6				fallback_no_parent_aggregate	4	0	4	2	155	2	1999991	11.547663	0.0335	0.2901019886015032	7.33	36.66	1.16	0.44176549238728885	1	0	0
C_A02_S7_F2	fixed	A02_S7_F2	A02	F2	S7				fallback_no_parent_aggregate	4	0	4	2	155	2	2000032	11.470759	0.0316	0.2754830783211469	7.58	37.89	1.02	1.3250893444265428	1	0	0
C_A03_S0_F0	fixed	A03_S0_F0	A03	F0	S0				first_explicit_parent_aggregate	10	6	4	3	161	8	600000	11.479082	0.0233	0.20297790363375748	0.35	1.57	6.0	0.5232936649798734	1	1	1
C_A03_S1_F0	fixed	A03_S1_F0	A03	F0	S1				first_explicit_parent_aggregate	10	6	4	3	161	8	599988	11.510078	0.0245	0.21285694154288098	0.37	1.65	6.23	0.5655790706618763	1	1	1
C_A03_S2_F0	fixed	A03_S2_F0	A03	F0	S2				first_explicit_parent_aggregate	10	6	4	3	161	8	599991	11.49171	0.0237	0.20623562550743102	0.36	1.6	6.28	0.4131705401273076	1	1	1
C_A03_S3_F0	fixed	A03_S3_F0	A03	F0	S3				first_explicit_parent_aggregate	10	6	4	3	161	8	600024	11.484596	0.0236	0.20549264423406796	0.36	1.6	6.2	0.27916451306325685	1	1	1
C_A03_S4_F0	fixed	A03_S4_F0	A03	F0	S4				first_explicit_parent_aggregate	10	6	4	3	161	8	600006	11.462329	0.0244	0.21287122364050098	0.37	1.65	6.08	2.3005592854072052	1	1	1
C_A03_S5_F0	fixed	A03_S5_F0	A03	F0	S5				first_explicit_parent_aggregate	10	6	4	3	161	8	600033	11.478243	0.0245	0.21344730199561027	0.37	1.66	5.94	0.23261876763946174	1	1	1
C_A03_S6_F0	fixed	A03_S6_F0	A03	F0	S6				first_explicit_parent_aggregate	10	6	4	3	161	8	600006	11.508826	0.0244	0.21201119905714105	0.37	1.64	6.14	0.8473054672300678	1	1	1
C_A03_S7_F0	fixed	A03_S7_F0	A03	F0	S7				first_explicit_parent_aggregate	10	6	4	3	161	8	599991	11.464264	0.0241	0.21021846670662855	0.37	1.64	6.35	0.5720685212914631	1	1	1
C_A03_S0_F1	fixed	A03_S0_F1	A03	F1	S0				first_explicit_parent_aggregate	8	6	2	1	159	6	599998	11.487203	0.0233	0.20283440625189614	0.2	1.57	5.97	0.0	1	1	1
C_A03_S1_F1	fixed	A03_S1_F1	A03	F1	S1				first_explicit_parent_aggregate	8	6	2	1	159	6	599997	11.500894	0.0244	0.21215742011012362	0.21	1.65	5.79	0.0	1	1	1
C_A03_S2_F1	fixed	A03_S2_F1	A03	F1	S2				first_explicit_parent_aggregate	8	6	2	1	159	6	599994	11.513689	0.0238	0.2067104643872177	0.21	1.6	5.53	0.0	1	1	1
C_A03_S3_F1	fixed	A03_S3_F1	A03	F1	S3				first_explicit_parent_aggregate	8	6	2	1	159	6	599991	11.484381	0.0237	0.206367239122422	0.21	1.6	5.54	0.0	1	1	1
C_A03_S4_F1	fixed	A03_S4_F1	A03	F1	S4				first_explicit_parent_aggregate	8	6	2	1	159	6	600004	11.449628	0.0243	0.2122339695228526	0.21	1.64	5.88	0.0	1	1	1
C_A03_S5_F1	fixed	A03_S5_F1	A03	F1	S5				first_explicit_parent_aggregate	8	6	2	1	159	6	600010	11.52765	0.0246	0.21339995575854576	0.21	1.65	4.86	0.0	1	1	1
C_A03_S6_F1	fixed	A03_S6_F1	A03	F1	S6				first_explicit_parent_aggregate	8	6	2	1	159	6	600003	11.493458	0.0243	0.21142462085823083	0.21	1.64	5.67	0.0	1	1	1
C_A03_S7_F1	fixed	A03_S7_F1	A03	F1	S7				first_explicit_parent_aggregate	8	6	2	1	159	6	599997	11.500451	0.0243	0.21129606134576812	0.21	1.64	5.52	0.0	1	1	1
C_A03_S0_F2	fixed	A03_S0_F2	A03	F2	S0				first_explicit_parent_aggregate	8	6	2	1	159	6	1954476	11.495504	0.0128	0.1113478800059571	0.11	1.56	4.27	0.0	1	1	1
C_A03_S1_F2	fixed	A03_S1_F2	A03	F2	S1				first_explicit_parent_aggregate	8	6	2	1	159	6	1912550	11.482483	0.0137	0.11931217315975996	0.12	1.65	5.04	0.0	1	1	1
C_A03_S2_F2	fixed	A03_S2_F2	A03	F2	S2				first_explicit_parent_aggregate	8	6	2	1	159	6	1934876	11.491584	0.013	0.11312626701419055	0.11	1.58	4.28	0.0	1	1	1
C_A03_S3_F2	fixed	A03_S3_F2	A03	F2	S3				first_explicit_parent_aggregate	8	6	2	1	159	6	1949994	11.513388	0.0129	0.11204347495281144	0.11	1.57	4.85	0.0	1	1	1
C_A03_S4_F2	fixed	A03_S4_F2	A03	F2	S4				first_explicit_parent_aggregate	8	6	2	1	159	6	1928984	11.48862	0.0136	0.1183780123287218	0.12	1.64	4.7	0.0	1	1	1
C_A03_S5_F2	fixed	A03_S5_F2	A03	F2	S5				first_explicit_parent_aggregate	8	6	2	1	159	6	1951322	11.492508	0.0135	0.1174678320867821	0.12	1.64	4.29	0.0	1	1	1
C_A03_S6_F2	fixed	A03_S6_F2	A03	F2	S6				first_explicit_parent_aggregate	8	6	2	1	159	6	1908800	11.504756	0.0136	0.11821198120151352	0.12	1.63	4.99	0.0	1	1	1
C_A03_S7_F2	fixed	A03_S7_F2	A03	F2	S7				first_explicit_parent_aggregate	8	6	2	1	159	6	1956209	11.491869	0.0134	0.11660418335781587	0.12	1.63	4.53	0.0	1	1	1
C_A04_S0_F0	fixed	A04_S0_F0	A04	F0	S0				first_explicit_parent_aggregate	7	3	4	3	158	5	603888	11.476689	0.0334	0.29102470233357375	0.51	2.28	3.44	0.6780547399668658	1	1	1
C_A04_S1_F0	fixed	A04_S1_F0	A04	F0	S1				first_explicit_parent_aggregate	7	3	4	3	158	5	603813	11.503592	0.0352	0.30599138077915145	0.53	2.39	3.15	0.7293149249235981	1	1	1
C_A04_S2_F0	fixed	A04_S2_F0	A04	F0	S2				first_explicit_parent_aggregate	7	3	4	3	158	5	603846	11.498185	0.0334	0.2904806280295542	0.5	2.26	3.96	0.9417996391543582	1	1	1
C_A04_S3_F0	fixed	A04_S3_F0	A04	F0	S3				first_explicit_parent_aggregate	7	3	4	3	158	5	603897	11.499232	0.0337	0.2930630497758459	0.51	2.29	3.99	0.3350354170360541	1	1	1
C_A04_S4_F0	fixed	A04_S4_F0	A04	F0	S4				first_explicit_parent_aggregate	7	3	4	3	158	5	603921	11.454762	0.0354	0.30904177668641214	0.54	2.41	3.3	0.6915518165611683	1	1	1
C_A04_S5_F0	fixed	A04_S5_F0	A04	F0	S5				first_explicit_parent_aggregate	7	3	4	3	158	5	603870	11.497324	0.0355	0.308767501028935	0.54	2.41	3.42	0.19699875519150356	1	1	1
C_A04_S6_F0	fixed	A04_S6_F0	A04	F0	S6				first_explicit_parent_aggregate	7	3	4	3	158	5	603786	11.534799	0.035	0.30342964797219274	0.53	2.36	3.83	0.6186785814259145	1	1	1
C_A04_S7_F0	fixed	A04_S7_F0	A04	F0	S7				first_explicit_parent_aggregate	7	3	4	3	158	5	603930	11.450295	0.0342	0.29868226102471596	0.52	2.33	3.62	0.7160811135453498	1	1	1
C_A04_S0_F1	fixed	A04_S0_F1	A04	F1	S0				first_explicit_parent_aggregate	5	3	2	1	156	3	599991	11.464168	0.0332	0.2895979891432156	0.29	2.25	3.22	0.0	1	1	1
C_A04_S1_F1	fixed	A04_S1_F1	A04	F1	S1				first_explicit_parent_aggregate	5	3	2	1	156	3	600003	11.526445	0.0354	0.30711984484374844	0.31	2.38	2.67	0.0	1	1	1
C_A04_S2_F1	fixed	A04_S2_F1	A04	F1	S2				first_explicit_parent_aggregate	5	3	2	1	156	3	600005	11.510827	0.0335	0.29103034907917563	0.29	2.25	3.28	0.0	1	1	1
C_A04_S3_F1	fixed	A04_S3_F1	A04	F1	S3				first_explicit_parent_aggregate	5	3	2	1	156	3	600013	11.483049	0.0337	0.2934760619762225	0.29	2.27	3.42	0.0	1	1	1
C_A04_S4_F1	fixed	A04_S4_F1	A04	F1	S4				first_explicit_parent_aggregate	5	3	2	1	156	3	599996	11.461146	0.0355	0.3097421496942801	0.31	2.4	3.17	0.0	1	1	1
C_A04_S5_F1	fixed	A04_S5_F1	A04	F1	S5				first_explicit_parent_aggregate	5	3	2	1	156	3	600006	11.555544	0.0357	0.30894261663492434	0.31	2.39	3.13	0.0	1	1	1
C_A04_S6_F1	fixed	A04_S6_F1	A04	F1	S6				first_explicit_parent_aggregate	5	3	2	1	156	3	599998	11.554606	0.0351	0.30377496212332983	0.3	2.35	2.79	0.0	1	1	1
C_A04_S7_F1	fixed	A04_S7_F1	A04	F1	S7				first_explicit_parent_aggregate	5	3	2	1	156	3	599999	11.490395	0.0344	0.2993804825682668	0.3	2.32	3.39	0.0	1	1	1
C_A04_S0_F2	fixed	A04_S0_F2	A04	F2	S0				first_explicit_parent_aggregate	5	3	2	1	156	3	1995143	11.480333	0.018	0.15678987708806008	0.16	2.21	2.59	0.0	1	1	1
C_A04_S1_F2	fixed	A04_S1_F2	A04	F2	S1				first_explicit_parent_aggregate	5	3	2	1	156	3	1972849	11.492056	0.0193	0.16794209843739014	0.17	2.36	2.0	0.0	1	1	1
C_A04_S2_F2	fixed	A04_S2_F2	A04	F2	S2				first_explicit_parent_aggregate	5	3	2	1	156	3	1975873	11.512501	0.0183	0.1589576409157315	0.16	2.24	3.05	0.0	1	1	1
C_A04_S3_F2	fixed	A04_S3_F2	A04	F2	S3				first_explicit_parent_aggregate	5	3	2	1	156	3	1977328	11.498266	0.0184	0.1600241288556031	0.16	2.26	2.63	0.0	1	1	1
C_A04_S4_F2	fixed	A04_S4_F2	A04	F2	S4				first_explicit_parent_aggregate	5	3	2	1	156	3	1987698	11.496531	0.0194	0.16874655493905077	0.17	2.38	2.6	0.0	1	1	1
C_A04_S5_F2	fixed	A04_S5_F2	A04	F2	S5				first_explicit_parent_aggregate	5	3	2	1	156	3	1986653	11.507905	0.0193	0.16771080400820135	0.17	2.37	2.49	0.0	1	1	1
C_A04_S6_F2	fixed	A04_S6_F2	A04	F2	S6				first_explicit_parent_aggregate	5	3	2	1	156	3	1984266	11.500417	0.0189	0.16434186690795646	0.16	2.31	2.26	0.0	1	1	1
C_A04_S7_F2	fixed	A04_S7_F2	A04	F2	S7				first_explicit_parent_aggregate	5	3	2	1	156	3	1989738	11.475126	0.0186	0.16208972345924566	0.16	2.29	2.89	0.0	1	1	1
C_A05_S0_F0	fixed	A05_S0_F0	A05	F0	S0				fallback_no_parent_aggregate	6	0	6	4	157	4	606648	11.462157	0.0542	0.47286038744714454	5.54	39.2	1.46	1.5894160220003437	1	0	0
C_A05_S1_F0	fixed	A05_S1_F0	A05	F0	S1				fallback_no_parent_aggregate	6	0	6	4	157	4	606609	11.568504	0.0562	0.48580179425101117	5.51	38.99	1.6	0.441829590848902	1	0	0
C_A05_S2_F0	fixed	A05_S2_F0	A05	F0	S2				fallback_no_parent_aggregate	6	0	6	4	157	4	606240	11.503485	0.053	0.4607299440126188	5.88	41.61	1.45	0.8017988732692326	1	0	0
C_A05_S3_F0	fixed	A05_S3_F0	A05	F0	S3				fallback_no_parent_aggregate	6	0	6	4	157	4	606600	11.517443	0.056	0.486219033165608	5.88	41.57	1.46	1.2293153060046702	1	0	0
C_A05_S4_F0	fixed	A05_S4_F0	A05	F0	S4				fallback_no_parent_aggregate	6	0	6	4	157	4	606579	11.405661	0.0535	0.4690653176523482	5.87	41.52	1.46	1.7513015151536055	1	0	0
C_A05_S5_F0	fixed	A05_S5_F0	A05	F0	S5				fallback_no_parent_aggregate	6	0	6	4	157	4	606618	11.412467	0.0581	0.5090923811652642	5.62	39.71	1.18	0.8376344923592471	1	0	0
C_A05_S6_F0	fixed	A05_S6_F0	A05	F0	S6				fallback_no_parent_aggregate	6	0	6	4	157	4	606387	11.572057	0.0568	0.4908375408105924	5.44	38.44	1.5	0.8062940188957305	1	0	0
C_A05_S7_F0	fixed	A05_S7_F0	A05	F0	S7				fallback_no_parent_aggregate	6	0	6	4	157	4	606156	11.461585	0.0547	0.4772463843351509	5.38	38.02	1.42	1.0134503742316556	1	0	0
C_A05_S0_F1	fixed	A05_S0_F1	A05	F1	S0				fallback_no_parent_aggregate	4	0	4	2	155	2	599976	11.414949	0.0538	0.47131178597468987	5.54	39.2	1.46	1.6456701259183022	1	0	0
C_A05_S1_F1	fixed	A05_S1_F1	A05	F1	S1				fallback_no_parent_aggregate	4	0	4	2	155	2	600022	11.535468	0.0564	0.48892684718123264	5.51	38.99	1.6	0.367235320391665	1	0	0
C_A05_S2_F1	fixed	A05_S2_F1	A05	F1	S2				fallback_no_parent_aggregate	4	0	4	2	155	2	599996	11.504073	0.0529	0.45983713768158463	5.88	41.61	1.45	0.9008901078091726	1	0	0
C_A05_S3_F1	fixed	A05_S3_F1	A05	F1	S3				fallback_no_parent_aggregate	4	0	4	2	155	2	600009	11.47198	0.0562	0.48988927804964794	5.88	41.57	1.46	0.1472124155650516	1	0	0
C_A05_S4_F1	fixed	A05_S4_F1	A05	F1	S4				fallback_no_parent_aggregate	4	0	4	2	155	2	600035	11.452723	0.0538	0.4697572795570102	5.87	41.52	1.46	1.7010811626842044	1	0	0
C_A05_S5_F1	fixed	A05_S5_F1	A05	F1	S5				fallback_no_parent_aggregate	4	0	4	2	155	2	600018	11.497539	0.0585	0.5088045363446908	5.62	39.71	1.18	0.3368552192258763	1	0	0
C_A05_S6_F1	fixed	A05_S6_F1	A05	F1	S6				fallback_no_parent_aggregate	4	0	4	2	155	2	599990	11.577124	0.0567	0.4897589418580988	5.44	38.44	1.5	0.8606359920784059	1	0	0
C_A05_S7_F1	fixed	A05_S7_F1	A05	F1	S7				fallback_no_parent_aggregate	4	0	4	2	155	2	600002	11.413241	0.0546	0.4783917206339549	5.38	38.02	1.42	1.0249656621170198	1	0	0
C_A05_S0_F2	fixed	A05_S0_F2	A05	F2	S0				fallback_no_parent_aggregate	4	0	4	2	155	2	1999999	11.456468	0.0295	0.2574964640061841	5.54	39.2	1.46	1.5895740323325804	1	0	0
C_A05_S1_F2	fixed	A05_S1_F2	A05	F2	S1				fallback_no_parent_aggregate	4	0	4	2	155	2	2000019	11.51521	0.0309	0.2683407423746506	5.51	38.99	1.44	0.39938117279688046	1	0	0
C_A05_S2_F2	fixed	A05_S2_F2	A05	F2	S2				fallback_no_parent_aggregate	4	0	4	2	155	2	1999998	11.489365	0.029	0.2524073349571539	5.88	41.61	1.45	0.9231640550318043	1	0	0
C_A05_S3_F2	fixed	A05_S3_F2	A05	F2	S3				fallback_no_parent_aggregate	4	0	4	2	155	2	2000014	11.471755	0.0307	0.2676138045137819	5.88	41.57	1.46	0.1472396690788354	1	0	0
C_A05_S4_F2	fixed	A05_S4_F2	A05	F2	S4				fallback_no_parent_aggregate	4	0	4	2	155	2	1999998	11.43385	0.0294	0.25713123750967526	5.87	41.52	1.46	1.7294134240153716	1	0	0
C_A05_S5_F2	fixed	A05_S5_F2	A05	F2	S5				fallback_no_parent_aggregate	4	0	4	2	155	2	2000012	11.506938	0.0321	0.278962135713254	5.62	39.71	1.18	0.3235149585790098	1	0	0
C_A05_S6_F2	fixed	A05_S6_F2	A05	F2	S6				fallback_no_parent_aggregate	4	0	4	2	155	2	1999984	11.5271	0.0309	0.2680639536396839	5.44	38.44	1.5	0.9385719153966074	1	0	0
C_A05_S7_F2	fixed	A05_S7_F2	A05	F2	S7				fallback_no_parent_aggregate	4	0	4	2	155	2	1999981	11.465394	0.03	0.2616569478554335	5.38	38.02	1.42	0.9473315445839037	1	0	0
C_A06_S0_F0	fixed	A06_S0_F0	A06	F0	S0				fallback_no_parent_aggregate	10	0	10	6	167	6	610926	11.47877	0.0282	0.24567092118754882	12.11	38.3	0.66	1.7116297362069302	1	1	1
C_A06_S1_F0	fixed	A06_S1_F0	A06	F0	S1				fallback_no_parent_aggregate	10	0	10	6	167	6	610992	11.502026	0.0296	0.25734596670186627	12.17	38.48	0.88	1.1459272949939772	1	1	1
C_A06_S2_F0	fixed	A06_S2_F0	A06	F0	S2				fallback_no_parent_aggregate	10	0	10	6	167	6	610833	11.495508	0.028	0.24357340275871237	11.99	37.93	0.81	0.8960041515369819	1	1	1
C_A06_S3_F0	fixed	A06_S3_F0	A06	F0	S3				fallback_no_parent_aggregate	10	0	10	6	167	6	610716	11.495068	0.0277	0.2409729111650318	13.85	43.8	0.77	1.4941944385158017	1	1	1
C_A06_S4_F0	fixed	A06_S4_F0	A06	F0	S4				fallback_no_parent_aggregate	10	0	10	6	167	6	610653	11.47052	0.0293	0.2554374169610445	12.51	39.55	1.36	0.875371923794502	1	1	1
C_A06_S5_F0	fixed	A06_S5_F0	A06	F0	S5				fallback_no_parent_aggregate	10	0	10	6	167	6	610740	11.462561	0.0288	0.25125275232995486	13.38	42.3	1.09	1.1527227904184292	1	1	1
C_A06_S6_F0	fixed	A06_S6_F0	A06	F0	S6				fallback_no_parent_aggregate	10	0	10	6	167	6	610908	11.494244	0.0285	0.2479501914175478	11.88	37.55	0.88	1.8855348837051462	1	1	1
C_A06_S7_F0	fixed	A06_S7_F0	A06	F0	S7				fallback_no_parent_aggregate	10	0	10	6	167	6	610830	11.46916	0.0294	0.25633960987552706	11.82	37.39	0.97	1.9574731861921646	1	1	1
C_A06_S0_F1	fixed	A06_S0_F1	A06	F1	S0				fallback_no_parent_aggregate	8	0	8	4	165	4	599993	11.458186	0.0281	0.24523951697066185	12.11	38.3	0.66	1.4064262603898128	1	1	1
C_A06_S1_F1	fixed	A06_S1_F1	A06	F1	S1				fallback_no_parent_aggregate	8	0	8	4	165	4	600011	11.510892	0.0298	0.2588852366958182	12.17	38.48	0.88	1.1459272949939772	1	1	1
C_A06_S2_F1	fixed	A06_S2_F1	A06	F1	S2				fallback_no_parent_aggregate	8	0	8	4	165	4	600008	11.518418	0.0281	0.24395711286046398	11.99	37.93	0.81	0.2694240619105307	1	1	1
C_A06_S3_F1	fixed	A06_S3_F1	A06	F1	S3				fallback_no_parent_aggregate	8	0	8	4	165	4	600004	11.479957	0.0277	0.24129010239324067	13.85	43.8	0.77	1.4941944385158017	1	1	1
C_A06_S4_F1	fixed	A06_S4_F1	A06	F1	S4				fallback_no_parent_aggregate	8	0	8	4	165	4	599991	11.473038	0.0293	0.25538135583617866	12.51	39.55	1.36	0.37348745934233085	1	1	1
C_A06_S5_F1	fixed	A06_S5_F1	A06	F1	S5				fallback_no_parent_aggregate	8	0	8	4	165	4	600005	11.518124	0.029	0.25177711231447064	13.38	42.3	1.09	1.1527227904184292	1	1	1
C_A06_S6_F1	fixed	A06_S6_F1	A06	F1	S6				fallback_no_parent_aggregate	8	0	8	4	165	4	600015	11.510625	0.0285	0.2475973285551393	11.88	37.55	0.88	0.36097714681400395	1	1	1
C_A06_S7_F1	fixed	A06_S7_F1	A06	F1	S7				fallback_no_parent_aggregate	8	0	8	4	165	4	600003	11.496999	0.0296	0.25745848981982167	11.82	37.39	0.97	1.2611257704065695	1	1	1
C_A06_S0_F2	fixed	A06_S0_F2	A06	F2	S0				fallback_no_parent_aggregate	8	0	8	4	165	4	1925117	11.482874	0.0157	0.13672535290381133	12.11	38.3	0.66	1.0551575274210783	1	1	1
C_A06_S1_F2	fixed	A06_S1_F2	A06	F2	S1				fallback_no_parent_aggregate	8	0	8	4	165	4	1935714	11.497126	0.0164	0.1426443443344015	12.17	38.48	0.88	1.1459272949939772	1	1	1
C_A06_S2_F2	fixed	A06_S2_F2	A06	F2	S2				fallback_no_parent_aggregate	8	0	8	4	165	4	1934695	11.482016	0.0154	0.1341227881932929	11.99	37.93	0.81	1.052964488104345	1	1	1
C_A06_S3_F2	fixed	A06_S3_F2	A06	F2	S3				fallback_no_parent_aggregate	8	0	8	4	165	4	1955729	11.496246	0.0151	0.13134722412864167	13.85	43.8	0.77	1.4941944385158017	1	1	1
C_A06_S4_F2	fixed	A06_S4_F2	A06	F2	S4				fallback_no_parent_aggregate	8	0	8	4	165	4	1943579	11.490294	0.0162	0.14098855956166134	12.51	39.55	1.36	0.4994055428108022	1	1	1
C_A06_S5_F2	fixed	A06_S5_F2	A06	F2	S5				fallback_no_parent_aggregate	8	0	8	4	165	4	1962196	11.497403	0.0158	0.1374223378966537	13.38	42.3	1.09	1.1527227904184292	1	1	1
C_A06_S6_F2	fixed	A06_S6_F2	A06	F2	S6				fallback_no_parent_aggregate	8	0	8	4	165	4	1914463	11.485549	0.0158	0.13756416867839752	11.88	37.55	0.88	0.6099643162183492	1	1	1
C_A06_S7_F2	fixed	A06_S7_F2	A06	F2	S7				fallback_no_parent_aggregate	8	0	8	4	165	4	1984124	11.499232	0.016	0.13913972689654405	11.82	37.39	0.97	1.2611257704065695	1	1	1
C_A07_S0_F0	fixed	A07_S0_F0	A07	F0	S0				first_explicit_parent_aggregate	15	11	4	3	166	13	600021	11.487035	0.0215	0.1871675327880519	0.33	1.46	6.48	1.9395578819506085	1	1	1
C_A07_S1_F0	fixed	A07_S1_F0	A07	F0	S1				first_explicit_parent_aggregate	15	11	4	3	166	13	600006	11.503852	0.0219	0.190371016595137	0.33	1.47	7.69	1.2019094297584714	1	1	1
C_A07_S2_F0	fixed	A07_S2_F0	A07	F0	S2				first_explicit_parent_aggregate	15	11	4	3	166	13	599994	11.496965	0.0217	0.18874546456390884	0.33	1.46	7.23	1.0890952924739317	1	1	1
C_A07_S3_F0	fixed	A07_S3_F0	A07	F0	S3				first_explicit_parent_aggregate	15	11	4	3	166	13	599991	11.50574	0.0215	0.186863252602614	0.32	1.45	7.1	0.9154819828020594	1	1	1
C_A07_S4_F0	fixed	A07_S4_F0	A07	F0	S4				first_explicit_parent_aggregate	15	11	4	3	166	13	600009	11.468216	0.0217	0.18921861953070993	0.33	1.47	7.03	0.5858369820839725	1	1	1
C_A07_S5_F0	fixed	A07_S5_F0	A07	F0	S5				first_explicit_parent_aggregate	15	11	4	3	166	13	600003	11.499582	0.0221	0.1921808984013506	0.33	1.49	6.79	0.9615880955049776	1	1	1
C_A07_S6_F0	fixed	A07_S6_F0	A07	F0	S6				first_explicit_parent_aggregate	15	11	4	3	166	13	599988	11.489368	0.0216	0.18799989694820465	0.33	1.46	6.99	0.6842968923207015	1	1	1
C_A07_S7_F0	fixed	A07_S7_F0	A07	F0	S7				first_explicit_parent_aggregate	15	11	4	3	166	13	599988	11.472726	0.0215	0.18740097166096356	0.32	1.45	7.43	0.9361828052598817	1	1	1
C_A07_S0_F1	fixed	A07_S0_F1	A07	F1	S0				first_explicit_parent_aggregate	13	11	2	1	164	11	600000	11.50635	0.0215	0.18685334619579622	0.19	1.45	5.86	0.0	1	1	1
C_A07_S1_F1	fixed	A07_S1_F1	A07	F1	S1				first_explicit_parent_aggregate	13	11	2	1	164	11	599996	11.477379	0.0218	0.18993883533862563	0.19	1.47	6.16	0.0	1	1	1
C_A07_S2_F1	fixed	A07_S2_F1	A07	F1	S2				first_explicit_parent_aggregate	13	11	2	1	164	11	599997	11.508312	0.0218	0.1894283019090897	0.19	1.46	5.39	0.0	1	1	1
C_A07_S3_F1	fixed	A07_S3_F1	A07	F1	S3				first_explicit_parent_aggregate	13	11	2	1	164	11	599996	11.502757	0.0215	0.18691171168790227	0.19	1.45	6.08	0.0	1	1	1
C_A07_S4_F1	fixed	A07_S4_F1	A07	F1	S4				first_explicit_parent_aggregate	13	11	2	1	164	11	599993	11.480857	0.0217	0.1890102803301182	0.19	1.47	6.24	0.0	1	1	1
C_A07_S5_F1	fixed	A07_S5_F1	A07	F1	S5				first_explicit_parent_aggregate	13	11	2	1	164	11	599997	11.514763	0.0221	0.19192752816536476	0.19	1.49	5.65	0.0	1	1	1
C_A07_S6_F1	fixed	A07_S6_F1	A07	F1	S6				first_explicit_parent_aggregate	13	11	2	1	164	11	599993	11.506044	0.0216	0.18772742395214204	0.19	1.46	6.24	0.0	1	1	1
C_A07_S7_F1	fixed	A07_S7_F1	A07	F1	S7				first_explicit_parent_aggregate	13	11	2	1	164	11	599998	11.465602	0.0215	0.1875174107735468	0.19	1.45	6.42	0.0	1	1	1
C_A07_S0_F2	fixed	A07_S0_F2	A07	F2	S0				first_explicit_parent_aggregate	13	11	2	1	164	11	1996854	11.487225	0.0117	0.10185227502725853	0.1	1.44	4.94	0.0	1	1	1
C_A07_S1_F2	fixed	A07_S1_F2	A07	F2	S1				first_explicit_parent_aggregate	13	11	2	1	164	11	1991440	11.478365	0.0119	0.10367330190318917	0.1	1.47	5.24	0.0	1	1	1
C_A07_S2_F2	fixed	A07_S2_F2	A07	F2	S2				first_explicit_parent_aggregate	13	11	2	1	164	11	2000006	11.496933	0.0119	0.10350586543385093	0.1	1.46	4.64	0.0	1	1	1
C_A07_S3_F2	fixed	A07_S3_F2	A07	F2	S3				first_explicit_parent_aggregate	13	11	2	1	164	11	1999998	11.500926	0.0118	0.10260043408678571	0.1	1.45	5.34	0.0	1	1	1
C_A07_S4_F2	fixed	A07_S4_F2	A07	F2	S4				first_explicit_parent_aggregate	13	11	2	1	164	11	2000000	11.464056	0.0119	0.10380270298749414	0.1	1.47	5.3	0.0	1	1	1
C_A07_S5_F2	fixed	A07_S5_F2	A07	F2	S5				first_explicit_parent_aggregate	13	11	2	1	164	11	1998327	11.505659	0.0121	0.10516564066430267	0.1	1.48	4.26	0.0	1	1	1
C_A07_S6_F2	fixed	A07_S6_F2	A07	F2	S6				first_explicit_parent_aggregate	13	11	2	1	164	11	1994241	11.488866	0.0118	0.10270813498912774	0.1	1.45	4.83	0.0	1	1	1
C_A07_S7_F2	fixed	A07_S7_F2	A07	F2	S7				first_explicit_parent_aggregate	13	11	2	1	164	11	1994834	11.49038	0.0117	0.10182430868256749	0.1	1.44	5.05	0.0	1	1	1
C_A07_S0_F3	fixed	A07_S0_F3	A07	F3	S0				first_explicit_parent_aggregate	22	11	11	10	173	20	2000070	11.513669	0.0118	0.10248687885677449	0.33	1.46	6.48	1.9395578819506085	1	1	1
C_A07_S1_F3	fixed	A07_S1_F3	A07	F3	S1				first_explicit_parent_aggregate	22	11	11	10	173	20	2000020	11.476588	0.012	0.10456069347440197	0.33	1.48	7.1	2.3719711794653824	1	1	1
C_A07_S2_F3	fixed	A07_S2_F3	A07	F3	S2				first_explicit_parent_aggregate	22	11	11	10	173	20	1999980	11.510478	0.0119	0.10338406450192598	0.33	1.47	6.28	1.0890952924739317	1	1	1
C_A07_S3_F3	fixed	A07_S3_F3	A07	F3	S3				first_explicit_parent_aggregate	22	11	11	10	173	20	1999970	11.502961	0.0118	0.10258228294436536	0.33	1.45	6.96	1.3563095420818345	1	1	1
C_A07_S4_F3	fixed	A07_S4_F3	A07	F3	S4				first_explicit_parent_aggregate	22	11	11	10	173	20	2000030	11.487456	0.0119	0.10359125641047069	0.33	1.47	6.99	1.4063493898758133	1	1	1
C_A07_S5_F3	fixed	A07_S5_F3	A07	F3	S5				first_explicit_parent_aggregate	22	11	11	10	173	20	2000010	11.505409	0.0121	0.10516792579907414	0.33	1.49	6.79	1.5842645738302779	1	1	1
C_A07_S6_F3	fixed	A07_S6_F3	A07	F3	S6				first_explicit_parent_aggregate	22	11	11	10	173	20	1999960	11.499704	0.0118	0.10261133677875536	0.33	1.46	6.99	1.7237973290901847	1	1	1
C_A07_S7_F3	fixed	A07_S7_F3	A07	F3	S7				first_explicit_parent_aggregate	22	11	11	10	173	20	1999960	11.486932	0.0118	0.10272542746836144	0.33	1.46	7.08	0.9361828052598817	1	1	1
C_A08_S0_F0	fixed	A08_S0_F0	A08	F0	S0				first_explicit_parent_aggregate	9	5	4	3	160	7	604350	11.508736	0.0247	0.2146195724708604	0.37	1.68	5.04	0.8717805852857987	1	1	1
C_A08_S1_F0	fixed	A08_S1_F0	A08	F0	S1				first_explicit_parent_aggregate	9	5	4	3	160	7	604395	11.501047	0.0253	0.2199799722581779	0.38	1.71	5.79	0.6457528854947091	1	1	1
C_A08_S2_F0	fixed	A08_S2_F0	A08	F0	S2				first_explicit_parent_aggregate	9	5	4	3	160	7	604422	11.49353	0.0247	0.2149035152820761	0.37	1.67	6.41	0.20630239163619513	1	1	1
C_A08_S3_F0	fixed	A08_S3_F0	A08	F0	S3				first_explicit_parent_aggregate	9	5	4	3	160	7	604305	11.501174	0.0243	0.21128277861025313	0.37	1.64	6.0	0.8038097730825319	1	1	1
C_A08_S4_F0	fixed	A08_S4_F0	A08	F0	S4				first_explicit_parent_aggregate	9	5	4	3	160	7	604344	11.457551	0.0254	0.22168786331389664	0.39	1.73	5.65	0.506277533219008	1	1	1
C_A08_S5_F0	fixed	A08_S5_F0	A08	F0	S5				first_explicit_parent_aggregate	9	5	4	3	160	7	604308	11.508583	0.0249	0.21636025912138793	0.38	1.69	5.54	0.36462161608852667	1	1	1
C_A08_S6_F0	fixed	A08_S6_F0	A08	F0	S6				first_explicit_parent_aggregate	9	5	4	3	160	7	604359	11.515432	0.0252	0.21883677486003128	0.38	1.7	5.65	0.2941821471223729	1	1	1
C_A08_S7_F0	fixed	A08_S7_F0	A08	F0	S7				first_explicit_parent_aggregate	9	5	4	3	160	7	604209	11.489912	0.0251	0.2184524998973012	0.38	1.7	6.35	0.3525951949445915	1	1	1
C_A08_S0_F1	fixed	A08_S0_F1	A08	F1	S0				first_explicit_parent_aggregate	7	5	2	1	158	5	600005	11.478726	0.0246	0.21430949741286623	0.21	1.66	4.43	0.0	1	1	1
C_A08_S1_F1	fixed	A08_S1_F1	A08	F1	S1				first_explicit_parent_aggregate	7	5	2	1	158	5	599995	11.503072	0.0254	0.2208105799911537	0.22	1.71	4.87	0.0	1	1	1
C_A08_S2_F1	fixed	A08_S2_F1	A08	F1	S2				first_explicit_parent_aggregate	7	5	2	1	158	5	599996	11.511423	0.0248	0.215438178233916	0.22	1.67	5.3	0.0	1	1	1
C_A08_S3_F1	fixed	A08_S3_F1	A08	F1	S3				first_explicit_parent_aggregate	7	5	2	1	158	5	599989	11.501073	0.0243	0.21128463405110115	0.21	1.64	5.02	0.0	1	1	1
C_A08_S4_F1	fixed	A08_S4_F1	A08	F1	S4				first_explicit_parent_aggregate	7	5	2	1	158	5	600008	11.4711	0.0254	0.22142601842892137	0.22	1.72	4.82	0.0	1	1	1
C_A08_S5_F1	fixed	A08_S5_F1	A08	F1	S5				first_explicit_parent_aggregate	7	5	2	1	158	5	599992	11.541611	0.025	0.21660754291580267	0.22	1.68	4.79	0.0	1	1	1
C_A08_S6_F1	fixed	A08_S6_F1	A08	F1	S6				first_explicit_parent_aggregate	7	5	2	1	158	5	600010	11.511725	0.0252	0.2189072445702099	0.22	1.69	4.73	0.0	1	1	1
C_A08_S7_F1	fixed	A08_S7_F1	A08	F1	S7				first_explicit_parent_aggregate	7	5	2	1	158	5	599999	11.483892	0.0252	0.21943780035548924	0.22	1.7	5.78	0.0	1	1	1
C_A08_S0_F2	fixed	A08_S0_F2	A08	F2	S0				first_explicit_parent_aggregate	7	5	2	1	158	5	1990942	11.49163	0.0134	0.11660660846198494	0.12	1.64	3.41	0.0	1	1	1
C_A08_S1_F2	fixed	A08_S1_F2	A08	F2	S1				first_explicit_parent_aggregate	7	5	2	1	158	5	1969274	11.477055	0.0139	0.12111120840668621	0.12	1.7	3.42	0.0	1	1	1
C_A08_S2_F2	fixed	A08_S2_F2	A08	F2	S2				first_explicit_parent_aggregate	7	5	2	1	158	5	1976072	11.511756	0.0135	0.11727142236162753	0.12	1.65	4.43	0.0	1	1	1
C_A08_S3_F2	fixed	A08_S3_F2	A08	F2	S3				first_explicit_parent_aggregate	7	5	2	1	158	5	1978501	11.509879	0.0133	0.1155529089402243	0.12	1.62	4.23	0.0	1	1	1
C_A08_S4_F2	fixed	A08_S4_F2	A08	F2	S4				first_explicit_parent_aggregate	7	5	2	1	158	5	1979862	11.482231	0.0139	0.12105661347520354	0.12	1.71	3.92	0.0	1	1	1
C_A08_S5_F2	fixed	A08_S5_F2	A08	F2	S5				first_explicit_parent_aggregate	7	5	2	1	158	5	1981191	11.52353	0.0136	0.11801939162739196	0.12	1.66	4.02	0.0	1	1	1
C_A08_S6_F2	fixed	A08_S6_F2	A08	F2	S6				first_explicit_parent_aggregate	7	5	2	1	158	5	1978447	11.501557	0.0136	0.11824486023935714	0.12	1.67	3.83	0.0	1	1	1
C_A08_S7_F2	fixed	A08_S7_F2	A08	F2	S7				first_explicit_parent_aggregate	7	5	2	1	158	5	1980067	11.479155	0.0137	0.119346763764406	0.12	1.68	4.96	0.0	1	1	1
C_A09_S0_F0	fixed	A09_S0_F0	A09	F0	S0				first_explicit_parent_aggregate	7	3	4	3	158	5	610809	11.49492	0.0322	0.2801237416180365	0.49	2.2	4.24	0.6861176632273709	1	1	1
C_A09_S1_F0	fixed	A09_S1_F0	A09	F0	S1				first_explicit_parent_aggregate	7	3	4	3	158	5	610626	11.511621	0.033	0.2866668386667699	0.5	2.25	4.56	0.7600984068300095	1	1	1
C_A09_S2_F0	fixed	A09_S2_F0	A09	F0	S2				first_explicit_parent_aggregate	7	3	4	3	158	5	610329	11.491189	0.0323	0.28108492515439437	0.49	2.21	4.62	0.17779037540265005	1	1	1
C_A09_S3_F0	fixed	A09_S3_F0	A09	F0	S3				first_explicit_parent_aggregate	7	3	4	3	158	5	610593	11.53526	0.0334	0.28954700630935065	0.5	2.28	4.29	0.3105513864821561	1	1	1
C_A09_S4_F0	fixed	A09_S4_F0	A09	F0	S4				first_explicit_parent_aggregate	7	3	4	3	158	5	610182	11.447636	0.0331	0.2891426666606101	0.5	2.26	4.42	1.4563705478342577	1	1	1
C_A09_S5_F0	fixed	A09_S5_F0	A09	F0	S5				first_explicit_parent_aggregate	7	3	4	3	158	5	610422	11.47216	0.0339	0.29549797073959916	0.51	2.32	3.65	0.7126813421746273	1	1	1
C_A09_S6_F0	fixed	A09_S6_F0	A09	F0	S6				first_explicit_parent_aggregate	7	3	4	3	158	5	610698	11.494474	0.033	0.28709447687645384	0.5	2.25	4.46	1.565634587043445	1	1	1
C_A09_S7_F0	fixed	A09_S7_F0	A09	F0	S7				first_explicit_parent_aggregate	7	3	4	3	158	5	610548	11.475939	0.0329	0.28668678005346665	0.5	2.25	4.33	0.4628038153512901	1	1	1
C_A09_S0_F1	fixed	A09_S0_F1	A09	F1	S0				first_explicit_parent_aggregate	5	3	2	1	156	3	599989	11.481825	0.0321	0.2795722805390258	0.28	2.17	3.57	0.0	1	1	1
C_A09_S1_F1	fixed	A09_S1_F1	A09	F1	S1				first_explicit_parent_aggregate	5	3	2	1	156	3	600000	11.49613	0.0331	0.2879229792982507	0.29	2.23	3.49	0.0	1	1	1
C_A09_S2_F1	fixed	A09_S2_F1	A09	F1	S2				first_explicit_parent_aggregate	5	3	2	1	156	3	600018	11.505432	0.0323	0.28073695972476304	0.28	2.18	3.92	0.0	1	1	1
C_A09_S3_F1	fixed	A09_S3_F1	A09	F1	S3				first_explicit_parent_aggregate	5	3	2	1	156	3	599992	11.509542	0.0335	0.2910628415969984	0.29	2.25	3.47	0.0	1	1	1
C_A09_S4_F1	fixed	A09_S4_F1	A09	F1	S4				first_explicit_parent_aggregate	5	3	2	1	156	3	599994	11.457815	0.0332	0.2897585621691396	0.29	2.24	3.54	0.0	1	1	1
C_A09_S5_F1	fixed	A09_S5_F1	A09	F1	S5				first_explicit_parent_aggregate	5	3	2	1	156	3	599988	11.518965	0.034	0.29516540765598304	0.3	2.29	3.41	0.0	1	1	1
C_A09_S6_F1	fixed	A09_S6_F1	A09	F1	S6				first_explicit_parent_aggregate	5	3	2	1	156	3	599999	11.511866	0.033	0.2866607377118532	0.29	2.22	3.73	0.0	1	1	1
C_A09_S7_F1	fixed	A09_S7_F1	A09	F1	S7				first_explicit_parent_aggregate	5	3	2	1	156	3	600020	11.477584	0.033	0.2875169547876975	0.29	2.23	3.55	0.0	1	1	1
C_A09_S0_F2	fixed	A09_S0_F2	A09	F2	S0				first_explicit_parent_aggregate	5	3	2	1	156	3	1944013	11.46625	0.0182	0.15872669791780225	0.16	2.21	2.91	0.0	1	1	1
C_A09_S1_F2	fixed	A09_S1_F2	A09	F2	S1				first_explicit_parent_aggregate	5	3	2	1	156	3	1936368	11.495405	0.0189	0.1644135200108217	0.16	2.29	3.27	0.0	1	1	1
C_A09_S2_F2	fixed	A09_S2_F2	A09	F2	S2				first_explicit_parent_aggregate	5	3	2	1	156	3	1995191	11.509562	0.0175	0.1520474888618698	0.15	2.15	3.33	0.0	1	1	1
C_A09_S3_F2	fixed	A09_S3_F2	A09	F2	S3				first_explicit_parent_aggregate	5	3	2	1	156	3	1992772	11.511694	0.018	0.15636273862039765	0.16	2.21	2.93	0.0	1	1	1
C_A09_S4_F2	fixed	A09_S4_F2	A09	F2	S4				first_explicit_parent_aggregate	5	3	2	1	156	3	1937437	11.474698	0.019	0.16558169984081497	0.17	2.3	3.02	0.0	1	1	1
C_A09_S5_F2	fixed	A09_S5_F2	A09	F2	S5				first_explicit_parent_aggregate	5	3	2	1	156	3	1950086	11.519526	0.0191	0.16580543331383596	0.17	2.32	2.65	0.0	1	1	1
C_A09_S6_F2	fixed	A09_S6_F2	A09	F2	S6				first_explicit_parent_aggregate	5	3	2	1	156	3	1938537	11.479126	0.0188	0.16377553482730306	0.16	2.28	2.91	0.0	1	1	1
C_A09_S7_F2	fixed	A09_S7_F2	A09	F2	S7				first_explicit_parent_aggregate	5	3	2	1	156	3	1951958	11.504685	0.0186	0.16167326615200675	0.16	2.26	2.7	0.0	1	1	1
C_A10_S0_F0	fixed	A10_S0_F0	A10	F0	S0				fallback_no_parent_aggregate	6	0	6	4	157	4	606507	11.520313	0.0541	0.46960529631443176	4.03	40.3	1.07	1.613557339065958	1	0	0
C_A10_S1_F0	fixed	A10_S1_F0	A10	F0	S1				fallback_no_parent_aggregate	6	0	6	4	157	4	606654	11.546576	0.0548	0.4745995696040108	3.96	39.64	1.18	0.4287352427105973	1	0	0
C_A10_S2_F0	fixed	A10_S2_F0	A10	F0	S2				fallback_no_parent_aggregate	6	0	6	4	157	4	606288	11.498223	0.0525	0.45659229256555556	4.19	41.88	1.07	1.345699388547406	1	0	0
C_A10_S3_F0	fixed	A10_S3_F0	A10	F0	S3				fallback_no_parent_aggregate	6	0	6	4	157	4	606891	11.542025	0.0555	0.4808514970293341	4.08	40.81	1.1	1.451123168775859	1	0	0
C_A10_S4_F0	fixed	A10_S4_F0	A10	F0	S4				fallback_no_parent_aggregate	6	0	6	4	157	4	606375	11.464125	0.0523	0.45620577235506415	4.2	42.03	1.02	1.6926692410436595	1	0	0
C_A10_S5_F0	fixed	A10_S5_F0	A10	F0	S5				fallback_no_parent_aggregate	6	0	6	4	157	4	606501	11.450552	0.0546	0.47683290726944866	3.9	38.98	1.03	0.8901656762523177	1	0	0
C_A10_S6_F0	fixed	A10_S6_F0	A10	F0	S6				fallback_no_parent_aggregate	6	0	6	4	157	4	606819	11.533852	0.0569	0.4933304155454743	4.01	40.05	1.02	1.3103407635717441	1	0	0
C_A10_S7_F0	fixed	A10_S7_F0	A10	F0	S7				fallback_no_parent_aggregate	6	0	6	4	157	4	606558	11.52494	0.0543	0.4711521274731148	3.86	38.62	1.03	0.431898849776215	1	0	0
C_A10_S0_F1	fixed	A10_S0_F1	A10	F1	S0				fallback_no_parent_aggregate	4	0	4	2	155	2	600826	11.462143	0.0537	0.46849877898051007	4.03	40.3	1.07	1.696102593233431	1	0	0
C_A10_S1_F1	fixed	A10_S1_F1	A10	F1	S1				fallback_no_parent_aggregate	4	0	4	2	155	2	600867	11.542608	0.0548	0.4747627226013394	3.96	39.64	1.18	0.13243960248667158	1	0	0
C_A10_S2_F1	fixed	A10_S2_F1	A10	F1	S2				fallback_no_parent_aggregate	4	0	4	2	155	2	600807	11.468957	0.0523	0.456013567755115	4.19	41.88	1.07	1.357610568411126	1	0	0
C_A10_S3_F1	fixed	A10_S3_F1	A10	F1	S3				fallback_no_parent_aggregate	4	0	4	2	155	2	600861	11.487067	0.0558	0.48576368536894576	4.08	40.81	1.1	0.01811740266470427	1	0	0
C_A10_S4_F1	fixed	A10_S4_F1	A10	F1	S4				fallback_no_parent_aggregate	4	0	4	2	155	2	600787	11.549704	0.0527	0.4562887499108202	4.2	42.03	1.02	1.0991831459678605	1	0	0
C_A10_S5_F1	fixed	A10_S5_F1	A10	F1	S5				fallback_no_parent_aggregate	4	0	4	2	155	2	600792	11.471794	0.0545	0.47507826587541585	3.9	38.98	1.03	0.6663605495673991	1	0	0
C_A10_S6_F1	fixed	A10_S6_F1	A10	F1	S6				fallback_no_parent_aggregate	4	0	4	2	155	2	600860	11.558141	0.0567	0.49056331809760756	4.01	40.05	1.02	1.335546905076262	1	0	0
C_A10_S7_F1	fixed	A10_S7_F1	A10	F1	S7				fallback_no_parent_aggregate	4	0	4	2	155	2	600755	11.497659	0.054	0.46966082399904185	3.86	38.62	1.03	0.5520951517835546	1	0	0
C_A10_S0_F2	fixed	A10_S0_F2	A10	F2	S0				fallback_no_parent_aggregate	4	0	4	2	155	2	1999969	11.478581	0.0294	0.2561292201536061	4.03	40.3	1.07	1.6699419440348433	1	0	0
C_A10_S1_F2	fixed	A10_S1_F2	A10	F2	S1				fallback_no_parent_aggregate	4	0	4	2	155	2	2000020	11.538496	0.0301	0.26086588754721585	3.96	39.64	1.18	0.1420115160152727	1	0	0
C_A10_S2_F2	fixed	A10_S2_F2	A10	F2	S2				fallback_no_parent_aggregate	4	0	4	2	155	2	2000042	11.492782	0.0287	0.24972195591981125	4.19	41.88	1.07	1.3158608016858808	1	0	0
C_A10_S3_F2	fixed	A10_S3_F2	A10	F2	S3				fallback_no_parent_aggregate	4	0	4	2	155	2	1999999	11.474668	0.0303	0.2640599274854837	4.08	40.81	1.1	0.008230630985898464	1	0	0
C_A10_S4_F2	fixed	A10_S4_F2	A10	F2	S4				fallback_no_parent_aggregate	4	0	4	2	155	2	2000007	11.466284	0.0287	0.2502990506776214	4.2	42.03	1.02	1.266936547186426	1	0	0
C_A10_S5_F2	fixed	A10_S5_F2	A10	F2	S5				fallback_no_parent_aggregate	4	0	4	2	155	2	1999997	11.482543	0.0299	0.26039528003509327	3.9	38.98	1.03	0.6462533798412488	1	0	0
C_A10_S6_F2	fixed	A10_S6_F2	A10	F2	S6				fallback_no_parent_aggregate	4	0	4	2	155	2	1999975	11.526557	0.0309	0.26807658175810867	4.01	40.05	1.02	1.4062790061349926	1	0	0
C_A10_S7_F2	fixed	A10_S7_F2	A10	F2	S7				fallback_no_parent_aggregate	4	0	4	2	155	2	1999991	11.451261	0.0295	0.2576135501583624	3.86	38.62	1.03	0.6567999328304746	1	0	0
C_A11_S0_F0	fixed	A11_S0_F0	A11	F0	S0				fallback_no_parent_aggregate	10	0	10	6	167	6	614400	11.458688	0.0279	0.24348337261648106	12.11	38.3	0.65	1.3026745997664537	1	1	1
C_A11_S1_F0	fixed	A11_S1_F0	A11	F0	S1				fallback_no_parent_aggregate	10	0	10	6	167	6	614400	11.516786	0.0299	0.25962104357934584	12.17	38.48	0.77	1.3856004569147349	1	1	1
C_A11_S2_F0	fixed	A11_S2_F0	A11	F0	S2				fallback_no_parent_aggregate	10	0	10	6	167	6	614145	11.493401	0.0281	0.24448811974801887	11.99	37.93	0.74	0.9733888883655144	1	1	1
C_A11_S3_F0	fixed	A11_S3_F0	A11	F0	S3				fallback_no_parent_aggregate	10	0	10	6	167	6	614079	11.493034	0.0275	0.23927537323912904	13.85	43.8	0.71	1.835053801708933	1	1	1
C_A11_S4_F0	fixed	A11_S4_F0	A11	F0	S4				fallback_no_parent_aggregate	10	0	10	6	167	6	614004	11.475856	0.0293	0.2553186446396678	12.51	39.55	1.24	1.3359737286511153	1	1	1
C_A11_S5_F0	fixed	A11_S5_F0	A11	F0	S5				fallback_no_parent_aggregate	10	0	10	6	167	6	613995	11.477193	0.0289	0.25180372936135165	13.38	42.3	0.95	0.9460031443868941	1	1	1
C_A11_S6_F0	fixed	A11_S6_F0	A11	F0	S6				fallback_no_parent_aggregate	10	0	10	6	167	6	614346	11.496814	0.0284	0.24702495839282082	11.88	37.55	0.86	1.7502078287736544	1	1	1
C_A11_S7_F0	fixed	A11_S7_F0	A11	F0	S7				fallback_no_parent_aggregate	10	0	10	6	167	6	613944	11.456206	0.029	0.25313790621432614	11.82	37.39	0.9	2.3193946995895067	1	1	1
C_A11_S0_F1	fixed	A11_S0_F1	A11	F1	S0				fallback_no_parent_aggregate	8	0	8	4	165	4	600010	11.458957	0.0279	0.24347765682339154	12.11	38.3	0.65	0.8488738917651912	1	1	1
C_A11_S1_F1	fixed	A11_S1_F1	A11	F1	S1				fallback_no_parent_aggregate	8	0	8	4	165	4	600002	11.487408	0.0299	0.26028500075909206	12.17	38.48	0.77	1.3856004569147349	1	1	1
C_A11_S2_F1	fixed	A11_S2_F1	A11	F1	S2				fallback_no_parent_aggregate	8	0	8	4	165	4	600000	11.535674	0.0283	0.24532593414134277	11.99	37.93	0.74	0.43729264196431833	1	1	1
C_A11_S3_F1	fixed	A11_S3_F1	A11	F1	S3				fallback_no_parent_aggregate	8	0	8	4	165	4	599995	11.472287	0.0274	0.23883642380982972	13.85	43.8	0.71	2.1212628340546553	1	1	1
C_A11_S4_F1	fixed	A11_S4_F1	A11	F1	S4				fallback_no_parent_aggregate	8	0	8	4	165	4	599999	11.478563	0.0293	0.25525843261042347	12.51	39.55	1.24	0.9463837587171681	1	1	1
C_A11_S5_F1	fixed	A11_S5_F1	A11	F1	S5				fallback_no_parent_aggregate	8	0	8	4	165	4	600003	11.511549	0.029	0.25192091872258027	13.38	42.3	0.95	0.9460031443868941	1	1	1
C_A11_S6_F1	fixed	A11_S6_F1	A11	F1	S6				fallback_no_parent_aggregate	8	0	8	4	165	4	599994	11.50394	0.0284	0.2468719412653404	11.88	37.55	0.86	0.7710956720751668	1	1	1
C_A11_S7_F1	fixed	A11_S7_F1	A11	F1	S7				fallback_no_parent_aggregate	8	0	8	4	165	4	600004	11.489103	0.0292	0.25415387084614005	11.82	37.39	0.9	1.3076996105129217	1	1	1
C_A11_S0_F2	fixed	A11_S0_F2	A11	F2	S0				fallback_no_parent_aggregate	8	0	8	4	165	4	1922971	11.490462	0.0156	0.13576477603772588	12.11	38.3	0.65	0.6768075364086735	1	1	1
C_A11_S1_F2	fixed	A11_S1_F2	A11	F2	S1				fallback_no_parent_aggregate	8	0	8	4	165	4	1938750	11.495772	0.0164	0.1426611453323883	12.17	38.48	0.77	1.3856004569147349	1	1	1
C_A11_S2_F2	fixed	A11_S2_F2	A11	F2	S2				fallback_no_parent_aggregate	8	0	8	4	165	4	1946723	11.483665	0.0154	0.1341035287950319	11.99	37.93	0.74	0.7894567556517504	1	1	1
C_A11_S3_F2	fixed	A11_S3_F2	A11	F2	S3				fallback_no_parent_aggregate	8	0	8	4	165	4	1959867	11.497963	0.0149	0.12958817140044718	13.85	43.8	0.71	1.835053801708933	1	1	1
C_A11_S4_F2	fixed	A11_S4_F2	A11	F2	S4				fallback_no_parent_aggregate	8	0	8	4	165	4	1950331	11.495644	0.0161	0.1400530496595058	12.51	39.55	1.24	0.9463837587171681	1	1	1
C_A11_S5_F2	fixed	A11_S5_F2	A11	F2	S5				fallback_no_parent_aggregate	8	0	8	4	165	4	1967425	11.49902	0.0158	0.13740301347419173	13.38	42.3	0.95	0.9460031443868941	1	1	1
C_A11_S6_F2	fixed	A11_S6_F2	A11	F2	S6				fallback_no_parent_aggregate	8	0	8	4	165	4	1918560	11.471902	0.0157	0.13685612028415164	11.88	37.55	0.86	1.694291738197253	1	1	1
C_A11_S7_F2	fixed	A11_S7_F2	A11	F2	S7				fallback_no_parent_aggregate	8	0	8	4	165	4	1988524	11.498543	0.0158	0.13740871343438907	11.82	37.39	0.9	1.3076996105129217	1	1	1
C_A12_S0_F0	fixed	A12_S0_F0	A12	F0	S0				fallback_no_parent_aggregate	10	0	10	6	167	6	615711	11.493649	0.027	0.2349123415896901	7.6	37.99	1.38	1.4832373304277502	1	1	1
C_A12_S1_F0	fixed	A12_S1_F0	A12	F0	S1				fallback_no_parent_aggregate	10	0	10	6	167	6	615513	11.498143	0.0281	0.24438728932141476	7.88	39.38	1.34	1.0502410378939708	1	1	1
C_A12_S2_F0	fixed	A12_S2_F0	A12	F0	S2				fallback_no_parent_aggregate	10	0	10	6	167	6	615651	11.492435	0.027	0.234937156485984	8.14	40.72	1.46	0.5805036033270056	1	1	1
C_A12_S3_F0	fixed	A12_S3_F0	A12	F0	S3				fallback_no_parent_aggregate	10	0	10	6	167	6	615579	11.478829	0.0269	0.23434446144288765	7.87	39.37	1.25	1.564114605321566	1	1	1
C_A12_S4_F0	fixed	A12_S4_F0	A12	F0	S4				fallback_no_parent_aggregate	10	0	10	6	167	6	615693	11.454867	0.0283	0.24705655683300382	8.01	40.04	1.75	1.3767629599915168	1	1	1
C_A12_S5_F0	fixed	A12_S5_F0	A12	F0	S5				fallback_no_parent_aggregate	10	0	10	6	167	6	615600	11.514032	0.0284	0.2466555590604577	8.37	41.83	1.55	1.0043635306711287	1	1	1
C_A12_S6_F0	fixed	A12_S6_F0	A12	F0	S6				fallback_no_parent_aggregate	10	0	10	6	167	6	615465	11.495273	0.0278	0.24183853658803928	7.33	36.66	1.61	0.4747219107719922	1	1	1
C_A12_S7_F0	fixed	A12_S7_F0	A12	F0	S7				fallback_no_parent_aggregate	10	0	10	6	167	6	615771	11.464706	0.0277	0.24161108012713106	7.58	37.89	1.65	1.3212349881340442	1	1	1
C_A12_S0_F1	fixed	A12_S0_F1	A12	F1	S0				fallback_no_parent_aggregate	8	0	8	4	165	4	602545	11.476931	0.0269	0.23438321620997807	7.6	37.99	1.38	1.4832373304277502	1	1	1
C_A12_S1_F1	fixed	A12_S1_F1	A12	F1	S1				fallback_no_parent_aggregate	8	0	8	4	165	4	602470	11.512401	0.0282	0.24495324650348782	7.88	39.38	1.34	1.0502410378939708	1	1	1
C_A12_S2_F1	fixed	A12_S2_F1	A12	F1	S2				fallback_no_parent_aggregate	8	0	8	4	165	4	602579	11.51649	0.0271	0.23531475301936614	8.14	40.72	1.46	0.46892035947249927	1	1	1
C_A12_S3_F1	fixed	A12_S3_F1	A12	F1	S3				fallback_no_parent_aggregate	8	0	8	4	165	4	602532	11.499943	0.027	0.23478377240652412	7.87	39.37	1.25	1.564114605321566	1	1	1
C_A12_S4_F1	fixed	A12_S4_F1	A12	F1	S4				fallback_no_parent_aggregate	8	0	8	4	165	4	602533	11.459987	0.0283	0.246946178909278	8.01	40.04	1.75	0.5203220486566915	1	1	1
C_A12_S5_F1	fixed	A12_S5_F1	A12	F1	S5				fallback_no_parent_aggregate	8	0	8	4	165	4	602462	11.537757	0.0285	0.24701508274095219	8.37	41.83	1.55	1.1828210571896345	1	1	1
C_A12_S6_F1	fixed	A12_S6_F1	A12	F1	S6				fallback_no_parent_aggregate	8	0	8	4	165	4	602491	11.512449	0.0278	0.2414777255473618	7.33	36.66	1.61	0.4747219107719922	1	1	1
C_A12_S7_F1	fixed	A12_S7_F1	A12	F1	S7				fallback_no_parent_aggregate	8	0	8	4	165	4	602497	11.467526	0.0277	0.24155166511067866	7.58	37.89	1.65	1.3212349881340442	1	1	1
C_A12_S0_F2	fixed	A12_S0_F2	A12	F2	S0				fallback_no_parent_aggregate	8	0	8	4	165	4	1983115	11.491501	0.0147	0.12792062586079922	7.6	37.99	1.38	1.4832373304277502	1	1	1
C_A12_S1_F2	fixed	A12_S1_F2	A12	F2	S1				fallback_no_parent_aggregate	8	0	8	4	165	4	1958739	11.488502	0.0155	0.13491750273447312	7.88	39.38	1.34	1.0502410378939708	1	1	1
C_A12_S2_F2	fixed	A12_S2_F2	A12	F2	S2				fallback_no_parent_aggregate	8	0	8	4	165	4	1964962	11.516194	0.0149	0.12938302359269044	8.14	40.72	1.46	0.5968998325602877	1	1	1
C_A12_S3_F2	fixed	A12_S3_F2	A12	F2	S3				fallback_no_parent_aggregate	8	0	8	4	165	4	1964496	11.512225	0.0148	0.12855898837974414	7.87	39.37	1.25	1.564114605321566	1	1	1
C_A12_S4_F2	fixed	A12_S4_F2	A12	F2	S4				fallback_no_parent_aggregate	8	0	8	4	165	4	1971753	11.488438	0.0156	0.13578869468590943	8.01	40.04	1.75	0.31631216448614796	1	1	1
C_A12_S5_F2	fixed	A12_S5_F2	A12	F2	S5				fallback_no_parent_aggregate	8	0	8	4	165	4	1973449	11.51947	0.0155	0.13455480156639152	8.37	41.83	1.55	1.0043635306711287	1	1	1
C_A12_S6_F2	fixed	A12_S6_F2	A12	F2	S6				fallback_no_parent_aggregate	8	0	8	4	165	4	1967093	11.513039	0.0153	0.13289280093639916	7.33	36.66	1.61	0.4747219107719922	1	1	1
C_A12_S7_F2	fixed	A12_S7_F2	A12	F2	S7				fallback_no_parent_aggregate	8	0	8	4	165	4	1975484	11.465886	0.0152	0.13256716489244705	7.58	37.89	1.65	1.3212349881340442	1	1	1
C_A13_S0_F0	fixed	A13_S0_F0	A13	F0	S0				first_explicit_parent_aggregate	7	3	4	3	158	5	611943	11.499432	0.0326	0.2834922629222034	0.49	2.22	4.75	0.19519848993130598	1	1	1
C_A13_S1_F0	fixed	A13_S1_F0	A13	F0	S1				first_explicit_parent_aggregate	7	3	4	3	158	5	611649	11.53095	0.0326	0.28271738234924265	0.49	2.22	4.51	0.31998013254645064	1	1	1
C_A13_S2_F0	fixed	A13_S2_F0	A13	F0	S2				first_explicit_parent_aggregate	7	3	4	3	158	5	611943	11.483327	0.0323	0.28127736848388973	0.49	2.21	4.98	1.2648145905995425	1	1	1
C_A13_S3_F0	fixed	A13_S3_F0	A13	F0	S3				first_explicit_parent_aggregate	7	3	4	3	158	5	612351	11.550488	0.0333	0.28829950734549054	0.5	2.27	4.44	0.6715758394208441	1	1	1
C_A13_S4_F0	fixed	A13_S4_F0	A13	F0	S4				first_explicit_parent_aggregate	7	3	4	3	158	5	611775	11.485601	0.0323	0.28122167921382607	0.49	2.21	4.65	1.6737527091967384	1	1	1
C_A13_S5_F0	fixed	A13_S5_F0	A13	F0	S5				first_explicit_parent_aggregate	7	3	4	3	158	5	611289	11.483051	0.0327	0.2847675238923872	0.49	2.23	4.84	1.0699302247408047	1	1	1
C_A13_S6_F0	fixed	A13_S6_F0	A13	F0	S6				first_explicit_parent_aggregate	7	3	4	3	158	5	612258	11.511436	0.0337	0.2927523551362315	0.51	2.3	4.27	0.43863589891675125	1	1	1
C_A13_S7_F0	fixed	A13_S7_F0	A13	F0	S7				first_explicit_parent_aggregate	7	3	4	3	158	5	611874	11.453993	0.032	0.2793785538370767	0.48	2.19	4.98	0.710687535336116	1	1	1
C_A13_S0_F1	fixed	A13_S0_F1	A13	F1	S0				first_explicit_parent_aggregate	5	3	2	1	156	3	601583	11.502587	0.0326	0.2834145049283261	0.28	2.2	4.1	0.0	1	1	1
C_A13_S1_F1	fixed	A13_S1_F1	A13	F1	S1				first_explicit_parent_aggregate	5	3	2	1	156	3	601652	11.505866	0.0326	0.2833337360264755	0.28	2.2	3.79	0.0	1	1	1
C_A13_S2_F1	fixed	A13_S2_F1	A13	F1	S2				first_explicit_parent_aggregate	5	3	2	1	156	3	601686	11.474307	0.0323	0.2814984817819499	0.28	2.18	4.48	0.0	1	1	1
C_A13_S3_F1	fixed	A13_S3_F1	A13	F1	S3				first_explicit_parent_aggregate	5	3	2	1	156	3	601739	11.487133	0.0332	0.2890190267667311	0.29	2.24	3.78	0.0	1	1	1
C_A13_S4_F1	fixed	A13_S4_F1	A13	F1	S4				first_explicit_parent_aggregate	5	3	2	1	156	3	601548	11.519105	0.0325	0.2821399752845382	0.28	2.19	3.8	0.0	1	1	1
C_A13_S5_F1	fixed	A13_S5_F1	A13	F1	S5				first_explicit_parent_aggregate	5	3	2	1	156	3	601641	11.482661	0.0327	0.28477719580853256	0.28	2.21	3.86	0.0	1	1	1
C_A13_S6_F1	fixed	A13_S6_F1	A13	F1	S6				first_explicit_parent_aggregate	5	3	2	1	156	3	601797	11.526821	0.0336	0.29149407282372125	0.29	2.26	3.87	0.0	1	1	1
C_A13_S7_F1	fixed	A13_S7_F1	A13	F1	S7				first_explicit_parent_aggregate	5	3	2	1	156	3	601678	11.461011	0.032	0.2792074800381921	0.28	2.16	4.12	0.0	1	1	1
C_A13_S0_F2	fixed	A13_S0_F2	A13	F2	S0				first_explicit_parent_aggregate	5	3	2	1	156	3	1956057	11.485057	0.0182	0.15846677992107486	0.16	2.22	3.49	0.0	1	1	1
C_A13_S1_F2	fixed	A13_S1_F2	A13	F2	S1				first_explicit_parent_aggregate	5	3	2	1	156	3	1956487	11.500235	0.0183	0.15912718305321588	0.16	2.22	3.28	0.0	1	1	1
C_A13_S2_F2	fixed	A13_S2_F2	A13	F2	S2				first_explicit_parent_aggregate	5	3	2	1	156	3	1951434	11.498937	0.0182	0.1582754997266269	0.16	2.21	3.38	0.0	1	1	1
C_A13_S3_F2	fixed	A13_S3_F2	A13	F2	S3				first_explicit_parent_aggregate	5	3	2	1	156	3	1949956	11.52835	0.0187	0.162208815658789	0.16	2.27	3.03	0.0	1	1	1
C_A13_S4_F2	fixed	A13_S4_F2	A13	F2	S4				first_explicit_parent_aggregate	5	3	2	1	156	3	1954955	11.484523	0.0182	0.15847414820798394	0.16	2.21	3.1	0.0	1	1	1
C_A13_S5_F2	fixed	A13_S5_F2	A13	F2	S5				first_explicit_parent_aggregate	5	3	2	1	156	3	1963188	11.503097	0.0182	0.15821826069970546	0.16	2.22	2.86	0.0	1	1	1
C_A13_S6_F2	fixed	A13_S6_F2	A13	F2	S6				first_explicit_parent_aggregate	5	3	2	1	156	3	1959338	11.488822	0.0188	0.16363731634104872	0.16	2.29	2.94	0.0	1	1	1
C_A13_S7_F2	fixed	A13_S7_F2	A13	F2	S7				first_explicit_parent_aggregate	5	3	2	1	156	3	1965042	11.49352	0.0178	0.1548698745031983	0.16	2.18	3.16	0.0	1	1	1
C_A14_S0_F0	fixed	A14_S0_F0	A14	F0	S0				fallback_no_parent_aggregate	6	0	6	4	157	4	605868	11.520904	0.0546	0.47392114368803	2.87	40.53	0.79	0.5673803722108536	1	1	1
C_A14_S1_F0	fixed	A14_S1_F0	A14	F0	S1				fallback_no_parent_aggregate	6	0	6	4	157	4	606030	11.548164	0.0562	0.4866574461533452	2.84	40.18	0.74	0.6194327657982405	1	1	1
C_A14_S2_F0	fixed	A14_S2_F0	A14	F0	S2				fallback_no_parent_aggregate	6	0	6	4	157	4	606051	11.490315	0.0542	0.47170160261054633	2.89	40.87	0.8	0.9233009901123079	1	1	1
C_A14_S3_F0	fixed	A14_S3_F0	A14	F0	S3				fallback_no_parent_aggregate	6	0	6	4	157	4	606087	11.499832	0.0563	0.4895723694050487	2.8	39.6	0.83	1.4034350323131366	1	1	1
C_A14_S4_F0	fixed	A14_S4_F0	A14	F0	S4				fallback_no_parent_aggregate	6	0	6	4	157	4	605904	11.470442	0.0537	0.46815981459127726	2.87	40.61	0.81	1.5575847411705996	1	1	1
C_A14_S5_F0	fixed	A14_S5_F0	A14	F0	S5				fallback_no_parent_aggregate	6	0	6	4	157	4	605694	11.495168	0.0558	0.485421352693584	2.83	39.96	0.73	0.7865337250889397	1	1	1
C_A14_S6_F0	fixed	A14_S6_F0	A14	F0	S6				fallback_no_parent_aggregate	6	0	6	4	157	4	605712	11.589187	0.057	0.49183777947495366	2.83	40.08	0.76	1.1995022539684654	1	1	1
C_A14_S7_F0	fixed	A14_S7_F0	A14	F0	S7				fallback_no_parent_aggregate	6	0	6	4	157	4	605943	11.500593	0.0552	0.4799752499718928	2.76	39.05	0.76	0.34275271707398225	1	1	1
C_A14_S0_F1	fixed	A14_S0_F1	A14	F1	S0				fallback_no_parent_aggregate	4	0	4	2	155	2	601093	11.45735	0.0542	0.47305877886247694	2.87	40.53	0.79	0.6561983862215758	1	1	1
C_A14_S1_F1	fixed	A14_S1_F1	A14	F1	S1				fallback_no_parent_aggregate	4	0	4	2	155	2	601157	11.540714	0.0563	0.487838100831543	2.84	40.18	0.74	0.5696426566019333	1	1	1
C_A14_S2_F1	fixed	A14_S2_F1	A14	F1	S2				fallback_no_parent_aggregate	4	0	4	2	155	2	601106	11.459076	0.0539	0.4703695132138054	2.89	40.87	0.8	0.6612924253482472	1	1	1
C_A14_S3_F1	fixed	A14_S3_F1	A14	F1	S3				fallback_no_parent_aggregate	4	0	4	2	155	2	601071	11.458444	0.0564	0.49221342793140144	2.8	39.6	0.83	0.9107808713185986	1	1	1
C_A14_S4_F1	fixed	A14_S4_F1	A14	F1	S4				fallback_no_parent_aggregate	4	0	4	2	155	2	600988	11.475572	0.0537	0.4679505300476525	2.87	40.61	0.81	1.2717053658257578	1	1	1
C_A14_S5_F1	fixed	A14_S5_F1	A14	F1	S5				fallback_no_parent_aggregate	4	0	4	2	155	2	601049	11.502029	0.0558	0.4851317971811756	2.83	39.96	0.73	0.06707362215402216	1	1	1
C_A14_S6_F1	fixed	A14_S6_F1	A14	F1	S6				fallback_no_parent_aggregate	4	0	4	2	155	2	601075	11.59192	0.0569	0.4908591501666678	2.83	40.08	0.76	0.7136065378472345	1	1	1
C_A14_S7_F1	fixed	A14_S7_F1	A14	F1	S7				fallback_no_parent_aggregate	4	0	4	2	155	2	601033	11.50697	0.0552	0.47970925447793816	2.76	39.05	0.76	0.008021554719956718	1	1	1
C_A14_S0_F2	fixed	A14_S0_F2	A14	F2	S0				fallback_no_parent_aggregate	4	0	4	2	155	2	2000011	11.503483	0.0298	0.2590519758233224	2.87	40.53	0.79	0.524948022904993	1	1	1
C_A14_S1_F2	fixed	A14_S1_F2	A14	F2	S1				fallback_no_parent_aggregate	4	0	4	2	155	2	1999989	11.502779	0.0307	0.2668920267006782	2.84	40.18	0.74	0.6887249639422979	1	1	1
C_A14_S2_F2	fixed	A14_S2_F2	A14	F2	S2				fallback_no_parent_aggregate	4	0	4	2	155	2	1999999	11.503147	0.0296	0.2573208879274515	2.89	40.87	0.8	0.5372043260152699	1	1	1
C_A14_S3_F2	fixed	A14_S3_F2	A14	F2	S3				fallback_no_parent_aggregate	4	0	4	2	155	2	2000000	11.475693	0.0309	0.26926478427054473	2.8	39.6	0.83	0.867819120833146	1	1	1
C_A14_S4_F2	fixed	A14_S4_F2	A14	F2	S4				fallback_no_parent_aggregate	4	0	4	2	155	2	1999992	11.480377	0.0295	0.2569602026135553	2.87	40.61	0.81	1.2685264639110427	1	1	1
C_A14_S5_F2	fixed	A14_S5_F2	A14	F2	S5				fallback_no_parent_aggregate	4	0	4	2	155	2	1999996	11.482819	0.0306	0.26648508523908637	2.83	39.96	0.73	0.12641976169726676	1	1	1
C_A14_S6_F2	fixed	A14_S6_F2	A14	F2	S6				fallback_no_parent_aggregate	4	0	4	2	155	2	2000011	11.515906	0.031	0.2691928885143731	2.83	40.08	0.76	0.946689643930541	1	1	1
C_A14_S7_F2	fixed	A14_S7_F2	A14	F2	S7				fallback_no_parent_aggregate	4	0	4	2	155	2	1999975	11.476712	0.0302	0.2631415687698707	2.76	39.05	0.76	0.08661969808835981	1	1	1
