variant,representation,observable,mean,standard_error,effective_events
G0_H0,hard,lepton_plus_pt_GeV,38.382050791712516,0.12145186883398355,25000.000000000062
G0_H0,hard,lepton_minus_pt_GeV,38.592359440857976,0.12215350698773246,25000.000000000062
G0_H0,hard,delta_phi_ll_lab,1.6006557783595543,0.005756202495581444,25000.000000000062
G0_H0,hard,delta_phi_ll_tt,1.6006889675062241,0.00575556495579369,25000.000000000062
G0_H0,hard,cos_opening_ll_tt,-0.1181304750713627,0.003620513435357044,25000.000000000062
G0_H0,hard,opening_ll_tt,1.7111033968920712,0.004297165093451955,25000.000000000062
G0_H0,hard,cp_triple_product,-0.0018912409491663742,0.0029986762184592503,25000.000000000062
G1_H0,hard,lepton_plus_pt_GeV,38.382050791712516,0.12145186883398355,25000.000000000062
G1_H0,hard,lepton_minus_pt_GeV,38.592359440857976,0.12215350698773246,25000.000000000062
G1_H0,hard,delta_phi_ll_lab,1.6006557783595543,0.005756202495581444,25000.000000000062
G1_H0,hard,delta_phi_ll_tt,1.6006889675062241,0.00575556495579369,25000.000000000062
G1_H0,hard,cos_opening_ll_tt,-0.1181304750713627,0.003620513435357044,25000.000000000062
G1_H0,hard,opening_ll_tt,1.7111033968920712,0.004297165093451955,25000.000000000062
G1_H0,hard,cp_triple_product,-0.0018912409491663742,0.0029986762184592503,25000.000000000062
G0_H1,hard,lepton_plus_pt_GeV,38.382050791712516,0.12145186883398355,25000.000000000062
G0_H1,hard,lepton_minus_pt_GeV,38.592359440857976,0.12215350698773246,25000.000000000062
G0_H1,hard,delta_phi_ll_lab,1.6006557783595543,0.005756202495581444,25000.000000000062
G0_H1,hard,delta_phi_ll_tt,1.6006889675062241,0.00575556495579369,25000.000000000062
G0_H1,hard,cos_opening_ll_tt,-0.1181304750713627,0.003620513435357044,25000.000000000062
G0_H1,hard,opening_ll_tt,1.7111033968920712,0.004297165093451955,25000.000000000062
G0_H1,hard,cp_triple_product,-0.0018912409491663742,0.0029986762184592503,25000.000000000062
G1_H1,hard,lepton_plus_pt_GeV,38.382050791712516,0.12145186883398355,25000.000000000062
G1_H1,hard,lepton_minus_pt_GeV,38.592359440857976,0.12215350698773246,25000.000000000062
G1_H1,hard,delta_phi_ll_lab,1.6006557783595543,0.005756202495581444,25000.000000000062
G1_H1,hard,delta_phi_ll_tt,1.6006889675062241,0.00575556495579369,25000.000000000062
G1_H1,hard,cos_opening_ll_tt,-0.1181304750713627,0.003620513435357044,25000.000000000062
G1_H1,hard,opening_ll_tt,1.7111033968920712,0.004297165093451955,25000.000000000062
G1_H1,hard,cp_triple_product,-0.0018912409491663742,0.0029986762184592503,25000.000000000062
G0_H0,bare,lepton_plus_pt_GeV,36.71500217731681,0.11956935093884216,25000.000000000062
G0_H0,bare,lepton_minus_pt_GeV,37.45676248033778,0.11991119550726664,25000.000000000062
G0_H0,bare,delta_phi_ll_lab,1.5999917675547244,0.005758585516705637,25000.000000000062
G0_H0,bare,delta_phi_ll_tt,1.6000153572371034,0.005758079398725673,25000.000000000062
G0_H0,bare,cos_opening_ll_tt,-0.11763539090626902,0.0036178399441943575,25000.000000000062
G0_H0,bare,opening_ll_tt,1.7104579641956414,0.004294440640793482,25000.000000000062
G0_H0,bare,cp_triple_product,-0.0019893629676622235,0.0029978818876451874,25000.000000000062
G1_H0,bare,lepton_plus_pt_GeV,36.654930860076696,0.11958029055803106,25000.000000000062
G1_H0,bare,lepton_minus_pt_GeV,37.463267555594044,0.12021686230378506,25000.000000000062
G1_H0,bare,delta_phi_ll_lab,1.6009450210238645,0.005754565842023414,25000.000000000062
G1_H0,bare,delta_phi_ll_tt,1.6009935758995093,0.005754105441193111,25000.000000000062
G1_H0,bare,cos_opening_ll_tt,-0.11787221579894223,0.0036184267767164877,25000.000000000062
G1_H0,bare,opening_ll_tt,1.7108076888806867,0.004294430680010839,25000.000000000062
G1_H0,bare,cp_triple_product,-0.0021361219387121795,0.002997128887298266,25000.000000000062
G0_H1,bare,lepton_plus_pt_GeV,36.68228671962528,0.11946560741275981,25000.000000000062
G0_H1,bare,lepton_minus_pt_GeV,37.48750939408811,0.12009843147147255,25000.000000000062
G0_H1,bare,delta_phi_ll_lab,1.600924487969406,0.005755195390914814,25000.000000000062
G0_H1,bare,delta_phi_ll_tt,1.6009037695971207,0.0057545757162365515,25000.000000000062
G0_H1,bare,cos_opening_ll_tt,-0.11785877279996038,0.0036219007689095935,25000.000000000062
G0_H1,bare,opening_ll_tt,1.710736435385128,0.004297853811556433,25000.000000000062
G0_H1,bare,cp_triple_product,-0.0018216543548944654,0.0029959694189580976,25000.000000000062
G1_H1,bare,lepton_plus_pt_GeV,36.72055730287856,0.11947269299362817,25000.000000000062
G1_H1,bare,lepton_minus_pt_GeV,37.50216253116106,0.12024335992753103,25000.000000000062
G1_H1,bare,delta_phi_ll_lab,1.600492532043992,0.005754027015046944,25000.000000000062
G1_H1,bare,delta_phi_ll_tt,1.6005401812004216,0.005753498891447845,25000.000000000062
G1_H1,bare,cos_opening_ll_tt,-0.11818104255454545,0.0036181879954359005,25000.000000000062
G1_H1,bare,opening_ll_tt,1.7110369363400635,0.004293701269523251,25000.000000000062
G1_H1,bare,cp_triple_product,-0.0020084576157849083,0.0029984255986442183,25000.000000000062
G0_H0,dressed_all,lepton_plus_pt_GeV,37.64881627248665,0.11961414684823642,25000.000000000062
G0_H0,dressed_all,lepton_minus_pt_GeV,37.82545013641796,0.12037339677941467,25000.000000000062
G0_H0,dressed_all,delta_phi_ll_lab,1.5999587097105568,0.005758574594711877,25000.000000000062
G0_H0,dressed_all,delta_phi_ll_tt,1.5999823557633905,0.005758069061234569,25000.000000000062
G0_H0,dressed_all,cos_opening_ll_tt,-0.1176255460470252,0.0036178303411624627,25000.000000000062
G0_H0,dressed_all,opening_ll_tt,1.7104468217390063,0.004294387299118692,25000.000000000062
G0_H0,dressed_all,cp_triple_product,-0.001978375209179622,0.002997871210879613,25000.000000000062
G1_H0,dressed_all,lepton_plus_pt_GeV,37.62475084429123,0.11973341175609212,25000.000000000062
G1_H0,dressed_all,lepton_minus_pt_GeV,37.8521135684708,0.12049745582535366,25000.000000000062
G1_H0,dressed_all,delta_phi_ll_lab,1.600937985657037,0.005754608226993814,25000.000000000062
G1_H0,dressed_all,delta_phi_ll_tt,1.6009865646780612,0.005754148233677464,25000.000000000062
G1_H0,dressed_all,cos_opening_ll_tt,-0.11786259399955928,0.003618436248873235,25000.000000000062
G1_H0,dressed_all,opening_ll_tt,1.710800290294275,0.004294498198928107,25000.000000000062
G1_H0,dressed_all,cp_triple_product,-0.002129189594621922,0.002997078916772293,25000.000000000062
G0_H1,dressed_all,lepton_plus_pt_GeV,37.63505111273464,0.11967121339573644,25000.000000000062
G0_H1,dressed_all,lepton_minus_pt_GeV,37.84868217846335,0.12039333129177561,25000.000000000062
G0_H1,dressed_all,delta_phi_ll_lab,1.6009171686192556,0.005754965775691534,25000.000000000062
G0_H1,dressed_all,delta_phi_ll_tt,1.6008963714135171,0.005754346248996497,25000.000000000062
G0_H1,dressed_all,cos_opening_ll_tt,-0.117870397272137,0.0036218365869711915,25000.000000000062
G0_H1,dressed_all,opening_ll_tt,1.7107483668287555,0.00429778586615319,25000.000000000062
G0_H1,dressed_all,cp_triple_product,-0.0018267088412442086,0.00299605761826586,25000.000000000062
G1_H1,dressed_all,lepton_plus_pt_GeV,37.66434177674213,0.1196818874772937,25000.000000000062
G1_H1,dressed_all,lepton_minus_pt_GeV,37.86967056369715,0.12051914302812287,25000.000000000062
G1_H1,dressed_all,delta_phi_ll_lab,1.6004608688610678,0.005754149353176064,25000.000000000062
G1_H1,dressed_all,delta_phi_ll_tt,1.6005077363592741,0.005753613224021553,25000.000000000062
G1_H1,dressed_all,cos_opening_ll_tt,-0.11816531151634727,0.0036182196877393527,25000.000000000062
G1_H1,dressed_all,opening_ll_tt,1.7110170467271628,0.004293812305947647,25000.000000000062
G1_H1,dressed_all,cp_triple_product,-0.0019851794201108147,0.0029983618981080993,25000.000000000062
G0_H0,dressed_prompt,lepton_plus_pt_GeV,37.61710583811598,0.11963378768389288,25000.000000000062
G0_H0,dressed_prompt,lepton_minus_pt_GeV,37.79720182803496,0.12037040762540789,25000.000000000062
G0_H0,dressed_prompt,delta_phi_ll_lab,1.5999622945912793,0.005758493775392154,25000.000000000062
G0_H0,dressed_prompt,delta_phi_ll_tt,1.599985929809499,0.005757988135510668,25000.000000000062
G0_H0,dressed_prompt,cos_opening_ll_tt,-0.1176279685727052,0.0036178193586824145,25000.000000000062
G0_H0,dressed_prompt,opening_ll_tt,1.7104502070980911,0.004294372509331053,25000.000000000062
G0_H0,dressed_prompt,cp_triple_product,-0.0019821631131888414,0.002997896577293207,25000.000000000062
G1_H0,dressed_prompt,lepton_plus_pt_GeV,37.59213418416736,0.1197408042803485,25000.000000000062
G1_H0,dressed_prompt,lepton_minus_pt_GeV,37.8261725516799,0.12051002800239317,25000.000000000062
G1_H0,dressed_prompt,delta_phi_ll_lab,1.6009329937937744,0.005754573561706184,25000.000000000062
G1_H0,dressed_prompt,delta_phi_ll_tt,1.600981559457922,0.005754113454073991,25000.000000000062
G1_H0,dressed_prompt,cos_opening_ll_tt,-0.11786302364641958,0.0036184410403119374,25000.000000000062
G1_H0,dressed_prompt,opening_ll_tt,1.7107978998079623,0.004294490247243823,25000.000000000062
G1_H0,dressed_prompt,cp_triple_product,-0.0021269623718890933,0.0029970817860276444,25000.000000000062
G0_H1,dressed_prompt,lepton_plus_pt_GeV,37.605329393983034,0.11969388300402875,25000.000000000062
G0_H1,dressed_prompt,lepton_minus_pt_GeV,37.818932728263746,0.12039876767142102,25000.000000000062
G0_H1,dressed_prompt,delta_phi_ll_lab,1.6009205795458914,0.0057550001266419015,25000.000000000062
G0_H1,dressed_prompt,delta_phi_ll_tt,1.600899789354055,0.005754380625548671,25000.000000000062
G0_H1,dressed_prompt,cos_opening_ll_tt,-0.11787256676100352,0.003621850062560642,25000.000000000062
G0_H1,dressed_prompt,opening_ll_tt,1.7107503335663532,0.004297827232816599,25000.000000000062
G0_H1,dressed_prompt,cp_triple_product,-0.0018240503456919365,0.002996039482529819,25000.000000000062
G1_H1,dressed_prompt,lepton_plus_pt_GeV,37.62836628052914,0.11969435266698619,25000.000000000062
G1_H1,dressed_prompt,lepton_minus_pt_GeV,37.84294790408103,0.12051242460815216,25000.000000000062
G1_H1,dressed_prompt,delta_phi_ll_lab,1.6004529704194073,0.005754089349740293,25000.000000000062
G1_H1,dressed_prompt,delta_phi_ll_tt,1.6004998278350762,0.005753553073646106,25000.000000000062
G1_H1,dressed_prompt,cos_opening_ll_tt,-0.11816235307725538,0.0036182115075692016,25000.000000000062
G1_H1,dressed_prompt,opening_ll_tt,1.711011695337195,0.004293795763669115,25000.000000000062
G1_H1,dressed_prompt,cp_triple_product,-0.0019882532826098727,0.00299839859852695,25000.000000000062
