contrast,representation,observable,effect,standard_error,z,effective_events
gamma_main_effect,hard,lepton_plus_pt_GeV,0.0,0.0,0.0,25000.000000000062
hadron_qed_main_effect,hard,lepton_plus_pt_GeV,0.0,0.0,0.0,25000.000000000062
gamma_x_hadron_interaction,hard,lepton_plus_pt_GeV,0.0,0.0,0.0,25000.000000000062
gamma_main_effect,hard,lepton_minus_pt_GeV,0.0,0.0,0.0,25000.000000000062
hadron_qed_main_effect,hard,lepton_minus_pt_GeV,0.0,0.0,0.0,25000.000000000062
gamma_x_hadron_interaction,hard,lepton_minus_pt_GeV,0.0,0.0,0.0,25000.000000000062
gamma_main_effect,hard,delta_phi_ll_lab,0.0,0.0,0.0,25000.000000000062
hadron_qed_main_effect,hard,delta_phi_ll_lab,0.0,0.0,0.0,25000.000000000062
gamma_x_hadron_interaction,hard,delta_phi_ll_lab,0.0,0.0,0.0,25000.000000000062
gamma_main_effect,hard,delta_phi_ll_tt,0.0,0.0,0.0,25000.000000000062
hadron_qed_main_effect,hard,delta_phi_ll_tt,0.0,0.0,0.0,25000.000000000062
gamma_x_hadron_interaction,hard,delta_phi_ll_tt,0.0,0.0,0.0,25000.000000000062
gamma_main_effect,hard,cos_opening_ll_tt,0.0,0.0,0.0,25000.000000000062
hadron_qed_main_effect,hard,cos_opening_ll_tt,0.0,0.0,0.0,25000.000000000062
gamma_x_hadron_interaction,hard,cos_opening_ll_tt,0.0,0.0,0.0,25000.000000000062
gamma_main_effect,hard,opening_ll_tt,0.0,0.0,0.0,25000.000000000062
hadron_qed_main_effect,hard,opening_ll_tt,0.0,0.0,0.0,25000.000000000062
gamma_x_hadron_interaction,hard,opening_ll_tt,0.0,0.0,0.0,25000.000000000062
gamma_main_effect,hard,cp_triple_product,0.0,0.0,0.0,25000.000000000062
hadron_qed_main_effect,hard,cp_triple_product,0.0,0.0,0.0,25000.000000000062
gamma_x_hadron_interaction,hard,cp_triple_product,0.0,0.0,0.0,25000.000000000062
gamma_main_effect,bare,lepton_plus_pt_GeV,-0.010900366993405682,0.03203527835746347,-0.34026134787326273,25000.000000000062
hadron_qed_main_effect,bare,lepton_plus_pt_GeV,0.016455492555159337,0.03190674155068251,0.5157371688682306,25000.000000000062
gamma_x_hadron_interaction,bare,lepton_plus_pt_GeV,0.09834190049338176,0.06422639275077495,1.5311758341308244,25000.000000000062
gamma_main_effect,bare,lepton_minus_pt_GeV,0.010579106164572735,0.024400165607623876,0.4335669820727477,25000.000000000062
hadron_qed_main_effect,bare,lepton_minus_pt_GeV,0.03482094465871425,0.0247336349644482,1.4078377362957535,25000.000000000062
gamma_x_hadron_interaction,bare,lepton_minus_pt_GeV,0.00814806181674106,0.049198210665741746,0.1656170357922145,25000.000000000062
gamma_main_effect,bare,delta_phi_ll_lab,0.0002606487718649855,0.0006225180409299461,0.4187007519904425,25000.000000000062
hadron_qed_main_effect,bare,delta_phi_ll_lab,0.000240115717404147,0.000631863859827792,0.3800117915741978,25000.000000000062
gamma_x_hadron_interaction,bare,delta_phi_ll_lab,-0.0013852093945543838,0.0012523547387531403,-1.1060838847733472,25000.000000000062
gamma_main_effect,bare,delta_phi_ll_tt,0.000307315132852299,0.0006224489694664226,0.4937194017940724,25000.000000000062
hadron_qed_main_effect,bare,delta_phi_ll_tt,0.00021750883046357794,0.0006321245452346222,0.3440917333511332,25000.000000000062
gamma_x_hadron_interaction,bare,delta_phi_ll_tt,-0.0013418070591086847,0.0012523269051947985,-1.0714511151542876,25000.000000000062
gamma_main_effect,bare,cos_opening_ll_tt,-0.0002795473236290732,0.0003292161763328461,-0.8491299751517786,25000.000000000062
hadron_qed_main_effect,bare,cos_opening_ll_tt,-0.00026610432464738024,0.00032998833959256216,-0.8064052353363159,25000.000000000062
gamma_x_hadron_interaction,bare,cos_opening_ll_tt,-8.54448619116394e-05,0.0006614546422819706,-0.12917720498092025,25000.000000000062
gamma_main_effect,bare,opening_ll_tt,0.0003251128199916107,0.0003974817117554082,0.8179315182975514,25000.000000000062
hadron_qed_main_effect,bare,opening_ll_tt,0.0002538593244311184,0.00039835088624052146,0.6372756612315905,25000.000000000062
gamma_x_hadron_interaction,bare,opening_ll_tt,-4.922373011165894e-05,0.0007971635378425624,-0.06174859708821817,25000.000000000062
gamma_main_effect,bare,cp_triple_product,-0.00016678111597019738,0.000266075193509381,-0.6268194857643398,25000.000000000062
hadron_qed_main_effect,bare,cp_triple_product,0.000147686467847521,0.0002663256578085957,0.5545333824113223,25000.000000000062
gamma_x_hadron_interaction,bare,cp_triple_product,-4.00442898404881e-05,0.0005291167728321837,-0.07568138433061669,25000.000000000062
gamma_main_effect,dressed_all,lepton_plus_pt_GeV,0.002612617906050464,0.019488596371084247,0.13405880322540187,25000.000000000062
hadron_qed_main_effect,dressed_all,lepton_plus_pt_GeV,0.012912886349436638,0.01945296195198544,0.6638005246352061,25000.000000000062
gamma_x_hadron_interaction,dressed_all,lepton_plus_pt_GeV,0.053356092202882476,0.03857978548900621,1.3830064508286848,25000.000000000062
gamma_main_effect,dressed_all,lepton_minus_pt_GeV,0.023825908643273597,0.01895147906832908,1.2572057598971502,25000.000000000062
hadron_qed_main_effect,dressed_all,lepton_minus_pt_GeV,0.02039451863592325,0.019154770642785254,1.0647226749021375,25000.000000000062
gamma_x_hadron_interaction,dressed_all,lepton_minus_pt_GeV,-0.00567504681904925,0.03841714561883963,-0.14772171975906057,25000.000000000062
gamma_main_effect,dressed_all,delta_phi_ll_lab,0.0002614880941473023,0.000622304877674524,0.42019290468114406,25000.000000000062
hadron_qed_main_effect,dressed_all,delta_phi_ll_lab,0.00024067105636392755,0.0006318770654413868,0.38088272153984726,25000.000000000062
gamma_x_hadron_interaction,dressed_all,delta_phi_ll_lab,-0.0014355757046661743,0.0012518865079920243,-1.14672991161857,25000.000000000062
gamma_main_effect,dressed_all,delta_phi_ll_tt,0.00030778693021221433,0.0006222353718049506,0.4946471129074529,25000.000000000062
hadron_qed_main_effect,dressed_all,delta_phi_ll_tt,0.00021759366566827845,0.0006321371245497044,0.3442190898426964,25000.000000000062
gamma_x_hadron_interaction,dressed_all,delta_phi_ll_tt,-0.0013928439689180746,0.0012518600756512715,-1.1126195299370476,25000.000000000062
gamma_main_effect,dressed_all,cos_opening_ll_tt,-0.00026598109837190284,0.0003289836557778626,-0.8084933512669683,25000.000000000062
hadron_qed_main_effect,dressed_all,cos_opening_ll_tt,-0.0002737843709500543,0.00032992956847097447,-0.8298267179231027,25000.000000000062
gamma_x_hadron_interaction,dressed_all,cos_opening_ll_tt,-5.786629167647494e-05,0.0006614007695229527,-0.08749051156715777,25000.000000000062
gamma_main_effect,dressed_all,opening_ll_tt,0.000311074226841137,0.0003971929315012482,0.7831816786501888,25000.000000000062
hadron_qed_main_effect,dressed_all,opening_ll_tt,0.00025915076131656614,0.00039830098203333446,0.6506405281593742,25000.000000000062
gamma_x_hadron_interaction,dressed_all,opening_ll_tt,-8.478865685856678e-05,0.0007969269012839111,-0.10639452216001953,25000.000000000062
gamma_main_effect,dressed_all,cp_triple_product,-0.00015464248215445148,0.0002659448878734291,-0.5814831914650315,25000.000000000062
hadron_qed_main_effect,dressed_all,cp_triple_product,0.00014783827122326218,0.00026636241214896765,0.5550267773539351,25000.000000000062
gamma_x_hadron_interaction,dressed_all,cp_triple_product,-7.65619342428924e-06,0.0005288449893019784,-0.014477197627218961,25000.000000000062
gamma_main_effect,dressed_prompt,lepton_plus_pt_GeV,-0.0009673837012475822,0.019231949311764755,-0.050300865791893745,25000.000000000062
hadron_qed_main_effect,dressed_prompt,lepton_plus_pt_GeV,0.01222782611441238,0.019204092486717693,0.6367302241889131,25000.000000000062
gamma_x_hadron_interaction,dressed_prompt,lepton_plus_pt_GeV,0.04800854049470717,0.03815658354930106,1.2581980887433666,25000.000000000062
gamma_main_effect,dressed_prompt,lepton_minus_pt_GeV,0.026492949731079636,0.01874058018382807,1.4136675316990115,25000.000000000062
hadron_qed_main_effect,dressed_prompt,lepton_minus_pt_GeV,0.0192531263150095,0.01895584634006457,1.0156827592718247,25000.000000000062
gamma_x_hadron_interaction,dressed_prompt,lepton_minus_pt_GeV,-0.004955547827683654,0.03804589626314425,-0.13025183566208118,25000.000000000062
gamma_main_effect,dressed_prompt,delta_phi_ll_lab,0.00025154503800716425,0.0006222299781889404,0.40426377195664864,25000.000000000062
hadron_qed_main_effect,dressed_prompt,delta_phi_ll_lab,0.00023913079012095905,0.0006317983542968178,0.3784922649681607,25000.000000000062
gamma_x_hadron_interaction,dressed_prompt,delta_phi_ll_lab,-0.00143830832897831,0.0012518554565589001,-1.1489412147724558,25000.000000000062
gamma_main_effect,dressed_prompt,delta_phi_ll_tt,0.00029783406472036705,0.0006221606978634652,0.47870922374741115,25000.000000000062
hadron_qed_main_effect,dressed_prompt,delta_phi_ll_tt,0.00021606396085359963,0.0006320580483281704,0.3418419580687267,25000.000000000062
gamma_x_hadron_interaction,dressed_prompt,delta_phi_ll_tt,-0.0013955911674064713,0.0012518279952260134,-1.1148425923758813,25000.000000000062
gamma_main_effect,dressed_prompt,cos_opening_ll_tt,-0.00026242069498284544,0.0003289860142752035,-0.7976652003307508,25000.000000000062
hadron_qed_main_effect,dressed_prompt,cos_opening_ll_tt,-0.0002719638095672053,0.0003298893256798631,-0.8244092439387659,25000.000000000062
gamma_x_hadron_interaction,dressed_prompt,cos_opening_ll_tt,-5.4731242537804295e-05,0.0006614293078009469,-0.08274692683299623,25000.000000000062
gamma_main_effect,dressed_prompt,opening_ll_tt,0.0003045272403594739,0.0003971741904224171,0.7667347166632152,25000.000000000062
hadron_qed_main_effect,dressed_prompt,opening_ll_tt,0.00025696099874641715,0.00039823726003506603,0.645245999140791,25000.000000000062
gamma_x_hadron_interaction,dressed_prompt,opening_ll_tt,-8.633093902631883e-05,0.0007969463631708005,-0.10832716355318443,25000.000000000062
gamma_main_effect,dressed_prompt,cp_triple_product,-0.0001545010978090941,0.0002658944603084921,-0.5810617401725525,25000.000000000062
hadron_qed_main_effect,dressed_prompt,cp_triple_product,0.000148410928388064,0.00026626336587600043,0.5573839566693504,25000.000000000062
gamma_x_hadron_interaction,dressed_prompt,cp_triple_product,-1.9403678217674554e-05,0.000528669770802062,-0.03670283282555877,25000.000000000062
