comparison,representation,observable,paired_mean_delta,paired_standard_error,paired_z,effective_events
G1_H0-G0_H0,hard,lepton_plus_pt_GeV,0.0,0.0,0.0,25000.000000000062
G1_H0-G0_H0,hard,lepton_minus_pt_GeV,0.0,0.0,0.0,25000.000000000062
G1_H0-G0_H0,hard,delta_phi_ll_lab,0.0,0.0,0.0,25000.000000000062
G1_H0-G0_H0,hard,delta_phi_ll_tt,0.0,0.0,0.0,25000.000000000062
G1_H0-G0_H0,hard,cos_opening_ll_tt,0.0,0.0,0.0,25000.000000000062
G1_H0-G0_H0,hard,opening_ll_tt,0.0,0.0,0.0,25000.000000000062
G1_H0-G0_H0,hard,cp_triple_product,0.0,0.0,0.0,25000.000000000062
G0_H1-G0_H0,hard,lepton_plus_pt_GeV,0.0,0.0,0.0,25000.000000000062
G0_H1-G0_H0,hard,lepton_minus_pt_GeV,0.0,0.0,0.0,25000.000000000062
G0_H1-G0_H0,hard,delta_phi_ll_lab,0.0,0.0,0.0,25000.000000000062
G0_H1-G0_H0,hard,delta_phi_ll_tt,0.0,0.0,0.0,25000.000000000062
G0_H1-G0_H0,hard,cos_opening_ll_tt,0.0,0.0,0.0,25000.000000000062
G0_H1-G0_H0,hard,opening_ll_tt,0.0,0.0,0.0,25000.000000000062
G0_H1-G0_H0,hard,cp_triple_product,0.0,0.0,0.0,25000.000000000062
G1_H1-G0_H0,hard,lepton_plus_pt_GeV,0.0,0.0,0.0,25000.000000000062
G1_H1-G0_H0,hard,lepton_minus_pt_GeV,0.0,0.0,0.0,25000.000000000062
G1_H1-G0_H0,hard,delta_phi_ll_lab,0.0,0.0,0.0,25000.000000000062
G1_H1-G0_H0,hard,delta_phi_ll_tt,0.0,0.0,0.0,25000.000000000062
G1_H1-G0_H0,hard,cos_opening_ll_tt,0.0,0.0,0.0,25000.000000000062
G1_H1-G0_H0,hard,opening_ll_tt,0.0,0.0,0.0,25000.000000000062
G1_H1-G0_H0,hard,cp_triple_product,0.0,0.0,0.0,25000.000000000062
G1_H0-G0_H0,bare,lepton_plus_pt_GeV,-0.060071317240096594,0.04552803100055621,-1.3194358710431098,25000.000000000062
G1_H0-G0_H0,bare,lepton_minus_pt_GeV,0.006505075256202284,0.03536830975747603,0.1839238374920437,25000.000000000062
G1_H0-G0_H0,bare,delta_phi_ll_lab,0.0009532534691421771,0.0009041075703250771,1.0543584640038235,25000.000000000062
G1_H0-G0_H0,bare,delta_phi_ll_tt,0.0009782186624066394,0.000904293505400947,1.081749074348284,25000.000000000062
G1_H0-G0_H0,bare,cos_opening_ll_tt,-0.00023682489267325265,0.0004806037015469488,-0.49276543628559194,25000.000000000062
G1_H0-G0_H0,bare,opening_ll_tt,0.0003497246850474426,0.0005810506099710012,0.6018833455228564,25000.000000000062
G1_H0-G0_H0,bare,cp_triple_product,-0.00014675897104995348,0.0003830196277641934,-0.38316305591604266,25000.000000000062
G0_H1-G0_H0,bare,lepton_plus_pt_GeV,-0.032715457691531676,0.045116596610429154,-0.7251313296971778,25000.000000000062
G0_H1-G0_H0,bare,lepton_minus_pt_GeV,0.030746913750343836,0.03527884261645255,0.8715397521574243,25000.000000000062
G0_H1-G0_H0,bare,delta_phi_ll_lab,0.0009327204146813351,0.000864729703207228,1.078626547951266,25000.000000000062
G0_H1-G0_H0,bare,delta_phi_ll_tt,0.000888412360017922,0.0008652969973546797,1.0267137904487231,25000.000000000062
G0_H1-G0_H0,bare,cos_opening_ll_tt,-0.00022338189369156,0.0004783776735169772,-0.4669571889701336,25000.000000000062
G0_H1-G0_H0,bare,opening_ll_tt,0.0002784711894869488,0.0005789223817689605,0.48101645100686846,25000.000000000062
G0_H1-G0_H0,bare,cp_triple_product,0.00016770861276776573,0.0003753490954044717,0.44680702530279165,25000.000000000062
G1_H1-G0_H0,bare,lepton_plus_pt_GeV,0.005555125561753509,0.04466805694854837,0.12436461178851525,25000.000000000062
G1_H1-G0_H0,bare,lepton_minus_pt_GeV,0.04540005082328701,0.03431719579304539,1.322953399137806,25000.000000000062
G1_H1-G0_H0,bare,delta_phi_ll_lab,0.0005007644892691319,0.0008967913925879388,0.5583957355166378,25000.000000000062
G1_H1-G0_H0,bare,delta_phi_ll_tt,0.000524823963315878,0.0008960947542921964,0.585679093424025,25000.000000000062
G1_H1-G0_H0,bare,cos_opening_ll_tt,-0.0005456516482764506,0.000474638180058701,-1.1496160047827737,25000.000000000062
G1_H1-G0_H0,bare,opening_ll_tt,0.0005789721444227303,0.0005729372873129631,1.0105331896586278,25000.000000000062
G1_H1-G0_H0,bare,cp_triple_product,-1.9094648122676303e-05,0.00037042920073615684,-0.05154736204578192,25000.000000000062
G1_H0-G0_H0,dressed_all,lepton_plus_pt_GeV,-0.02406542819539076,0.028152124104128717,-0.854835255285813,25000.000000000062
G1_H0-G0_H0,dressed_all,lepton_minus_pt_GeV,0.026663432052798246,0.027332875983401825,0.9755077390681425,25000.000000000062
G1_H0-G0_H0,dressed_all,delta_phi_ll_lab,0.0009792759464803916,0.0009036882456857337,1.083643558666961,25000.000000000062
G1_H0-G0_H0,dressed_all,delta_phi_ll_tt,0.0010042089146712532,0.0009038741534091594,1.1110052332879077,25000.000000000062
G1_H0-G0_H0,dressed_all,cos_opening_ll_tt,-0.00023704795253366384,0.00048037996166069483,-0.49345928525864935,25000.000000000062
G1_H0-G0_H0,dressed_all,opening_ll_tt,0.000353468555270418,0.0005807169937601702,0.6086761005247879,25000.000000000062
G1_H0-G0_H0,dressed_all,cp_triple_product,-0.00015081438544230742,0.0003827207360156465,-0.3940585686899959,25000.000000000062
G0_H1-G0_H0,dressed_all,lepton_plus_pt_GeV,-0.013765159752004624,0.027829471473139255,-0.4946252667892248,25000.000000000062
G0_H1-G0_H0,dressed_all,lepton_minus_pt_GeV,0.02323204204544776,0.027381145828808382,0.8484685845763531,25000.000000000062
G0_H1-G0_H0,dressed_all,delta_phi_ll_lab,0.0009584589086970172,0.0008645734580796744,1.1085916410456018,25000.000000000062
G0_H1-G0_H0,dressed_all,delta_phi_ll_tt,0.0009140156501273197,0.0008651420620935053,1.0564919799593933,25000.000000000062
G0_H1-G0_H0,dressed_all,cos_opening_ll_tt,-0.0002448512251118162,0.0004784344750356996,-0.511775881312788,25000.000000000062
G0_H1-G0_H0,dressed_all,opening_ll_tt,0.00030154508974584917,0.0005788619188561257,0.5209274957000536,25000.000000000062
G0_H1-G0_H0,dressed_all,cp_triple_product,0.00015166636793540624,0.00037538446635292935,0.4040294192482978,25000.000000000062
G1_H1-G0_H0,dressed_all,lepton_plus_pt_GeV,0.015525504255487146,0.027964043315125413,0.5551952584442461,25000.000000000062
G1_H1-G0_H0,dressed_all,lepton_minus_pt_GeV,0.04422042727919683,0.026325638905584516,1.6797475433660323,25000.000000000062
G1_H1-G0_H0,dressed_all,delta_phi_ll_lab,0.0005021591505112258,0.0008967207067689401,0.5599950427381156,25000.000000000062
G1_H1-G0_H0,dressed_all,delta_phi_ll_tt,0.0005253805958804949,0.0008960238908355579,0.586346637912264,25000.000000000062
G1_H1-G0_H0,dressed_all,cos_opening_ll_tt,-0.0005397654693219557,0.00047441130804046395,-1.1377584390882975,25000.000000000062
G1_H1-G0_H0,dressed_all,opening_ll_tt,0.0005702249881577037,0.0005726408521818592,0.9957811881304824,25000.000000000062
G1_H1-G0_H0,dressed_all,cp_triple_product,-6.804210931189014e-06,0.0003702770929807822,-0.01837599748991807,25000.000000000062
G1_H0-G0_H0,dressed_prompt,lepton_plus_pt_GeV,-0.02497165394860114,0.027869725570397668,-0.8960136290371381,25000.000000000062
G1_H0-G0_H0,dressed_prompt,lepton_minus_pt_GeV,0.02897072364492149,0.02712950457519061,1.0678677734282933,25000.000000000062
G1_H0-G0_H0,dressed_prompt,delta_phi_ll_lab,0.0009706992024963204,0.000903556433417131,1.0743094361303636,25000.000000000062
G1_H0-G0_H0,dressed_prompt,delta_phi_ll_tt,0.0009956296484236041,0.0009037424222814857,1.101674131784309,25000.000000000062
G1_H0-G0_H0,dressed_prompt,cos_opening_ll_tt,-0.00023505507371394344,0.0004803792891919412,-0.4893114232908247,25000.000000000062
G1_H0-G0_H0,dressed_prompt,opening_ll_tt,0.00034769270987263277,0.0005807111974696203,0.5987360178134368,25000.000000000062
G1_H0-G0_H0,dressed_prompt,cp_triple_product,-0.00014479925870025667,0.0003826429555229895,-0.3784187232778078,25000.000000000062
G0_H1-G0_H0,dressed_prompt,lepton_plus_pt_GeV,-0.01177644413294125,0.027555622999750114,-0.4273699104189386,25000.000000000062
G0_H1-G0_H0,dressed_prompt,lepton_minus_pt_GeV,0.02173090022885114,0.02707594646244099,0.8025906041362451,25000.000000000062
G0_H1-G0_H0,dressed_prompt,delta_phi_ll_lab,0.0009582849546101163,0.0008644600562571925,1.1085358400006966,25000.000000000062
G0_H1-G0_H0,dressed_prompt,delta_phi_ll_tt,0.00091385954455684,0.0008650284723054517,1.0564502485348777,25000.000000000062
G0_H1-G0_H0,dressed_prompt,cos_opening_ll_tt,-0.000244598188298303,0.0004784123651407747,-0.5112706236727996,25000.000000000062
G0_H1-G0_H0,dressed_prompt,opening_ll_tt,0.00030012646825957684,0.0005788470990787271,0.5184900619477021,25000.000000000062
G0_H1-G0_H0,dressed_prompt,cp_triple_product,0.00015811276749690196,0.00037517165169506265,0.4214411370969337,25000.000000000062
G1_H1-G0_H0,dressed_prompt,lepton_plus_pt_GeV,0.011260442413164765,0.02761610872940197,0.40774906137214545,25000.000000000062
G1_H1-G0_H0,dressed_prompt,lepton_minus_pt_GeV,0.045746076046089074,0.02606125374934951,1.755329059993167,25000.000000000062
G1_H1-G0_H0,dressed_prompt,delta_phi_ll_lab,0.0004906758281281187,0.0008965417008825182,0.54729838851346,25000.000000000062
G1_H1-G0_H0,dressed_prompt,delta_phi_ll_tt,0.0005138980255739695,0.0008958447385439859,0.5736463066236306,25000.000000000062
G1_H1-G0_H0,dressed_prompt,cos_opening_ll_tt,-0.0005343845045500493,0.0004743851752972019,-1.1264780865364477,25000.000000000062
G1_H1-G0_H0,dressed_prompt,opening_ll_tt,0.0005614882391058932,0.0005725989947298336,0.9805959218821496,25000.000000000062
G1_H1-G0_H0,dressed_prompt,cp_triple_product,-6.0901694210286395e-06,0.00037018024525539917,-0.016451902820548505,25000.000000000062
