comparison,representation,coefficient,delta,paired_standard_error,paired_z,effective_events
G1_H0-G0_H0,hard,B1k,0.0,0.0,0.0,25000.000000000062
G1_H0-G0_H0,hard,B1r,0.0,0.0,0.0,25000.000000000062
G1_H0-G0_H0,hard,B1n,0.0,0.0,0.0,25000.000000000062
G1_H0-G0_H0,hard,B2k,0.0,0.0,0.0,25000.000000000062
G1_H0-G0_H0,hard,B2r,0.0,0.0,0.0,25000.000000000062
G1_H0-G0_H0,hard,B2n,0.0,0.0,0.0,25000.000000000062
G1_H0-G0_H0,hard,Ckk,0.0,0.0,0.0,25000.000000000062
G1_H0-G0_H0,hard,Crr,0.0,0.0,0.0,25000.000000000062
G1_H0-G0_H0,hard,Cnn,0.0,0.0,0.0,25000.000000000062
G1_H0-G0_H0,hard,Ckr,0.0,0.0,0.0,25000.000000000062
G1_H0-G0_H0,hard,Crk,0.0,0.0,0.0,25000.000000000062
G1_H0-G0_H0,hard,Ckn,0.0,0.0,0.0,25000.000000000062
G1_H0-G0_H0,hard,Cnk,0.0,0.0,0.0,25000.000000000062
G1_H0-G0_H0,hard,Crn,0.0,0.0,0.0,25000.000000000062
G1_H0-G0_H0,hard,Cnr,0.0,0.0,0.0,25000.000000000062
G0_H1-G0_H0,hard,B1k,0.0,0.0,0.0,25000.000000000062
G0_H1-G0_H0,hard,B1r,0.0,0.0,0.0,25000.000000000062
G0_H1-G0_H0,hard,B1n,0.0,0.0,0.0,25000.000000000062
G0_H1-G0_H0,hard,B2k,0.0,0.0,0.0,25000.000000000062
G0_H1-G0_H0,hard,B2r,0.0,0.0,0.0,25000.000000000062
G0_H1-G0_H0,hard,B2n,0.0,0.0,0.0,25000.000000000062
G0_H1-G0_H0,hard,Ckk,0.0,0.0,0.0,25000.000000000062
G0_H1-G0_H0,hard,Crr,0.0,0.0,0.0,25000.000000000062
G0_H1-G0_H0,hard,Cnn,0.0,0.0,0.0,25000.000000000062
G0_H1-G0_H0,hard,Ckr,0.0,0.0,0.0,25000.000000000062
G0_H1-G0_H0,hard,Crk,0.0,0.0,0.0,25000.000000000062
G0_H1-G0_H0,hard,Ckn,0.0,0.0,0.0,25000.000000000062
G0_H1-G0_H0,hard,Cnk,0.0,0.0,0.0,25000.000000000062
G0_H1-G0_H0,hard,Crn,0.0,0.0,0.0,25000.000000000062
G0_H1-G0_H0,hard,Cnr,0.0,0.0,0.0,25000.000000000062
G1_H1-G0_H0,hard,B1k,0.0,0.0,0.0,25000.000000000062
G1_H1-G0_H0,hard,B1r,0.0,0.0,0.0,25000.000000000062
G1_H1-G0_H0,hard,B1n,0.0,0.0,0.0,25000.000000000062
G1_H1-G0_H0,hard,B2k,0.0,0.0,0.0,25000.000000000062
G1_H1-G0_H0,hard,B2r,0.0,0.0,0.0,25000.000000000062
G1_H1-G0_H0,hard,B2n,0.0,0.0,0.0,25000.000000000062
G1_H1-G0_H0,hard,Ckk,0.0,0.0,0.0,25000.000000000062
G1_H1-G0_H0,hard,Crr,0.0,0.0,0.0,25000.000000000062
G1_H1-G0_H0,hard,Cnn,0.0,0.0,0.0,25000.000000000062
G1_H1-G0_H0,hard,Ckr,0.0,0.0,0.0,25000.000000000062
G1_H1-G0_H0,hard,Crk,0.0,0.0,0.0,25000.000000000062
G1_H1-G0_H0,hard,Ckn,0.0,0.0,0.0,25000.000000000062
G1_H1-G0_H0,hard,Cnk,0.0,0.0,0.0,25000.000000000062
G1_H1-G0_H0,hard,Crn,0.0,0.0,0.0,25000.000000000062
G1_H1-G0_H0,hard,Cnr,0.0,0.0,0.0,25000.000000000062
G1_H0-G0_H0,bare,B1k,-0.000416318107929651,0.0010296678003555082,-0.4043227415540342,25000.000000000062
G1_H0-G0_H0,bare,B1r,-0.0008155751919944977,0.0010725103397659225,-0.7604357382442566,25000.000000000062
G1_H0-G0_H0,bare,B1n,-0.0004940289026360518,0.0009857754504043893,-0.5011576444040974,25000.000000000062
G1_H0-G0_H0,bare,B2k,0.0010928923149656727,0.0010696532708617868,1.0217257729555325,25000.000000000062
G1_H0-G0_H0,bare,B2r,-0.0012215745579375703,0.0010376632964068208,-1.177235970634781,25000.000000000062
G1_H0-G0_H0,bare,B2n,0.00041158460584682165,0.0010035980663570046,0.4101090064280882,25000.000000000062
G1_H0-G0_H0,bare,Ckk,0.0009474947221254318,0.002545357051036965,0.37224432687721654,25000.000000000062
G1_H0-G0_H0,bare,Crr,-0.0003517832271426086,0.0026556162820922896,-0.132467642074196,25000.000000000062
G1_H0-G0_H0,bare,Cnn,0.003450203259094344,0.0023729648089278544,1.4539630954970648,25000.000000000062
G1_H0-G0_H0,bare,Ckr,0.0021344196813112186,0.0025103268425598,0.8502556898665571,25000.000000000062
G1_H0-G0_H0,bare,Crk,-0.0006244277000566041,0.002752027650685691,-0.22689732056326642,25000.000000000062
G1_H0-G0_H0,bare,Ckn,-0.0003455072767207263,0.0024246960230925167,-0.14249508945870165,25000.000000000062
G1_H0-G0_H0,bare,Cnk,0.000570097975876134,0.0026216410274776214,0.21745844297556122,25000.000000000062
G1_H0-G0_H0,bare,Crn,-0.005629970419461239,0.0024723057705579995,-2.277214447544065,25000.000000000062
G1_H0-G0_H0,bare,Cnr,-0.0005663367148558936,0.0023813536054057547,-0.23782134394921015,25000.000000000062
G0_H1-G0_H0,bare,B1k,-0.0006563166116236934,0.0009856686049829868,-0.6658593043399428,25000.000000000062
G0_H1-G0_H0,bare,B1r,-0.001258221683042465,0.0010238694612779247,-1.2288887701289946,25000.000000000062
G0_H1-G0_H0,bare,B1n,-0.0004370972968603982,0.0009710244345968296,-0.45014036854992373,25000.000000000062
G0_H1-G0_H0,bare,B2k,-0.0004213813806801201,0.0010718277556090712,-0.39314281466863876,25000.000000000062
G0_H1-G0_H0,bare,B2r,0.0001741400607000803,0.0010063205700320658,0.17304630938283558,25000.000000000062
G0_H1-G0_H0,bare,B2n,-0.00018265209386389878,0.0009835967103249102,-0.1856981544840299,25000.000000000062
G0_H1-G0_H0,bare,Ckk,-0.0030036236743712355,0.002539657018819561,-1.1826887064330156,25000.000000000062
G0_H1-G0_H0,bare,Crr,0.0024805104027662782,0.0025120989755269317,0.9874254266776938,25000.000000000062
G0_H1-G0_H0,bare,Cnn,0.00155234975757028,0.002404038117158072,0.6457259335826948,25000.000000000062
G0_H1-G0_H0,bare,Ckr,0.004445616047719578,0.0024974905368200747,1.7800331901877595,25000.000000000062
G0_H1-G0_H0,bare,Crk,-0.003338172312441114,0.00270436202032915,-1.2343659197058323,25000.000000000062
G0_H1-G0_H0,bare,Ckn,0.000949667954968332,0.002329800897585365,0.40761764490372543,25000.000000000062
G0_H1-G0_H0,bare,Cnk,-0.002688135564134493,0.00248530397963291,-1.081612384707782,25000.000000000062
G0_H1-G0_H0,bare,Crn,-0.0009698580290455222,0.002449087424736138,-0.3960079249314726,25000.000000000062
G0_H1-G0_H0,bare,Cnr,0.0008656380748800984,0.0022466515443463945,0.38530143985098214,25000.000000000062
G1_H1-G0_H0,bare,B1k,-0.0006738694163692604,0.0010262209434191638,-0.6566513972362148,25000.000000000062
G1_H1-G0_H0,bare,B1r,-0.00025065664523295667,0.0010394907181996834,-0.24113408695661503,25000.000000000062
G1_H1-G0_H0,bare,B1n,0.0005386646963774577,0.0009254651886025689,0.5820474967738429,25000.000000000062
G1_H1-G0_H0,bare,B2k,0.000573789654404088,0.0010596954181263509,0.541466580480839,25000.000000000062
G1_H1-G0_H0,bare,B2r,-0.0009063057028052045,0.0010304168705537276,-0.8795524692042086,25000.000000000062
G1_H1-G0_H0,bare,B2n,0.00016906709476939176,0.0009510069971558023,0.17777691991228714,25000.000000000062
G1_H1-G0_H0,bare,Ckk,-0.003978698686314965,0.0025129260879720467,-1.58329315985804,25000.000000000062
G1_H1-G0_H0,bare,Crr,-0.0006795687712069678,0.0026312000160990815,-0.2582733228371103,25000.000000000062
G1_H1-G0_H0,bare,Cnn,0.0007150753896147074,0.002293339616440673,0.3118052749311174,25000.000000000062
G1_H1-G0_H0,bare,Ckr,0.0020926706785952807,0.0025524826112907294,0.8198569774142622,25000.000000000062
G1_H1-G0_H0,bare,Crk,-0.0010165816873496305,0.0026117940246462358,-0.3892273578071782,25000.000000000062
G1_H1-G0_H0,bare,Ckn,0.002147257942377761,0.002399092037926872,0.8950294146419124,25000.000000000062
G1_H1-G0_H0,bare,Cnk,-0.0027583837408895083,0.00244337340955102,-1.1289243511070102,25000.000000000062
G1_H1-G0_H0,bare,Crn,-0.0004563649861474898,0.0023366317739265965,-0.19530890200152956,25000.000000000062
G1_H1-G0_H0,bare,Cnr,-0.0026104821198173343,0.0023470085655635767,-1.1122593066423219,25000.000000000062
G1_H0-G0_H0,dressed_all,B1k,-0.0003965125663085859,0.0010292552635584632,-0.3852422040939735,25000.000000000062
G1_H0-G0_H0,dressed_all,B1r,-0.0007973006474173191,0.0010718784854073583,-0.7438349199763179,25000.000000000062
G1_H0-G0_H0,dressed_all,B1n,-0.0004003840571173978,0.000985213292902296,-0.4063932754479228,25000.000000000062
G1_H0-G0_H0,dressed_all,B2k,0.0010927064885977774,0.001068941999589258,1.0222317852770786,25000.000000000062
G1_H0-G0_H0,dressed_all,B2r,-0.0011930132728438173,0.001036716039654364,-1.1507618549449299,25000.000000000062
G1_H0-G0_H0,dressed_all,B2n,0.0005027635287432516,0.0010029786301503653,0.5012704295283718,25000.000000000062
G1_H0-G0_H0,dressed_all,Ckk,0.0009143929492573556,0.002543656419853092,0.35947974031420726,25000.000000000062
G1_H0-G0_H0,dressed_all,Crr,-0.00027530033928235896,0.00265387159120084,-0.10373536541675303,25000.000000000062
G1_H0-G0_H0,dressed_all,Cnn,0.0034803962972084473,0.0023713959034970685,1.467657210706972,25000.000000000062
G1_H0-G0_H0,dressed_all,Ckr,0.002129079010884263,0.0025090829687336707,0.8485486679457256,25000.000000000062
G1_H0-G0_H0,dressed_all,Crk,-0.0006139758347534217,0.0027502628464078868,-0.22324260226811934,25000.000000000062
G1_H0-G0_H0,dressed_all,Ckn,-0.0004033152746757668,0.002423935939546806,-0.16638858647030624,25000.000000000062
G1_H0-G0_H0,dressed_all,Cnk,0.0005284643875839694,0.0026192817004333357,0.20175927907889402,25000.000000000062
G1_H0-G0_H0,dressed_all,Crn,-0.005513477759685886,0.002471447671382655,-2.2308697139443634,25000.000000000062
G1_H0-G0_H0,dressed_all,Cnr,-0.0006637720761324968,0.002379105101402595,-0.2790007367649171,25000.000000000062
G0_H1-G0_H0,dressed_all,B1k,-0.0006174266525120931,0.0009855305069994171,-0.6264916693364808,25000.000000000062
G0_H1-G0_H0,dressed_all,B1r,-0.0012279837847761637,0.0010233486859947908,-1.199966151891277,25000.000000000062
G0_H1-G0_H0,dressed_all,B1n,-0.0003734937193035654,0.0009708583589105344,-0.3847046439633974,25000.000000000062
G0_H1-G0_H0,dressed_all,B2k,-0.0004438024573236104,0.0010713189666770838,-0.41425800450462946,25000.000000000062
G0_H1-G0_H0,dressed_all,B2r,0.00021395782086613293,0.0010056686080943513,0.21275181421001413,25000.000000000062
G0_H1-G0_H0,dressed_all,B2n,-9.228922768477846e-05,0.0009834363271281823,-0.09384362275316821,25000.000000000062
G0_H1-G0_H0,dressed_all,Ckk,-0.003014096500055031,0.0025385233825605015,-1.187342421488684,25000.000000000062
G0_H1-G0_H0,dressed_all,Crr,0.002413938311314136,0.0025103441378980236,0.9615965695187072,25000.000000000062
G0_H1-G0_H0,dressed_all,Cnn,0.001625648377484803,0.002404275983420688,0.6761488234690548,25000.000000000062
G0_H1-G0_H0,dressed_all,Ckr,0.0045822983813728485,0.002496567905948325,1.8354391124131093,25000.000000000062
G0_H1-G0_H0,dressed_all,Crk,-0.0032216761618945825,0.0027018942505041255,-1.1923768523854976,25000.000000000062
G0_H1-G0_H0,dressed_all,Ckn,0.001002718861905516,0.002329916856409363,0.43036680006290307,25000.000000000062
G0_H1-G0_H0,dressed_all,Cnk,-0.0025931099879118917,0.0024851672983485376,-1.0434347778658946,25000.000000000062
G0_H1-G0_H0,dressed_all,Crn,-0.0009572741187911434,0.0024489635303117556,-0.39088949547128676,25000.000000000062
G0_H1-G0_H0,dressed_all,Cnr,0.0007817685652699442,0.002244984315282012,0.34822896531984876,25000.000000000062
G1_H1-G0_H0,dressed_all,B1k,-0.000632042432682703,0.0010261750654323866,-0.6159206688737727,25000.000000000062
G1_H1-G0_H0,dressed_all,B1r,-0.0002307305830876548,0.001038799624298835,-0.222112694008137,25000.000000000062
G1_H1-G0_H0,dressed_all,B1n,0.0005603992210141772,0.0009251809198434275,0.6057185237985843,25000.000000000062
G1_H1-G0_H0,dressed_all,B2k,0.0005854914134451505,0.0010588564089936755,0.5529469420708276,25000.000000000062
G1_H1-G0_H0,dressed_all,B2r,-0.0008665666510420072,0.0010298642937356071,-0.8414377081651472,25000.000000000062
G1_H1-G0_H0,dressed_all,B2n,0.00022016943571066678,0.0009507071758871424,0.23158490994371425,25000.000000000062
G1_H1-G0_H0,dressed_all,Ckk,-0.003987454149117992,0.0025112668521142445,-1.5878257405265155,25000.000000000062
G1_H1-G0_H0,dressed_all,Crr,-0.0006721021840222045,0.0026300265948597692,-0.25554957707872167,25000.000000000062
G1_H1-G0_H0,dressed_all,Cnn,0.000649952732120386,0.0022921969554059044,0.2835501245159327,25000.000000000062
G1_H1-G0_H0,dressed_all,Ckr,0.002173200235205667,0.00255142236205708,0.8517602838024545,25000.000000000062
G1_H1-G0_H0,dressed_all,Crk,-0.0009738816490626098,0.0026095510982368755,-0.37319891904803315,25000.000000000062
G1_H1-G0_H0,dressed_all,Ckn,0.0021094272377759457,0.0023994807536663713,0.879118215285858,25000.000000000062
G1_H1-G0_H0,dressed_all,Cnk,-0.002776418445700275,0.0024414161289800815,-1.1372163936920263,25000.000000000062
G1_H1-G0_H0,dressed_all,Crn,-0.0005269159467576297,0.002336222137018993,-0.22554188593982405,25000.000000000062
G1_H1-G0_H0,dressed_all,Cnr,-0.0026003118161259855,0.002346349397088484,-1.1082372554371638,25000.000000000062
G1_H0-G0_H0,dressed_prompt,B1k,-0.00038761147177387615,0.0010289562320650026,-0.37670355618137646,25000.000000000062
G1_H0-G0_H0,dressed_prompt,B1r,-0.0008086454531382431,0.0010719577148890643,-0.7543632009980252,25000.000000000062
G1_H0-G0_H0,dressed_prompt,B1n,-0.00041656299250367103,0.0009852338723414066,-0.422806202870096,25000.000000000062
G1_H0-G0_H0,dressed_prompt,B2k,0.0010975504653093888,0.0010688569721581972,1.0268450259469746,25000.000000000062
G1_H0-G0_H0,dressed_prompt,B2r,-0.0011842159855599654,0.0010365833936229623,-1.14242230084452,25000.000000000062
G1_H0-G0_H0,dressed_prompt,B2n,0.0004903302696856794,0.0010029004155868684,0.48891222105910903,25000.000000000062
G1_H0-G0_H0,dressed_prompt,Ckk,0.0009211142431278942,0.002543330147245846,0.3621685702602795,25000.000000000062
G1_H0-G0_H0,dressed_prompt,Crr,-0.00028741372282912157,0.002653964948740307,-0.10829597541050466,25000.000000000062
G1_H0-G0_H0,dressed_prompt,Cnn,0.003450445527810382,0.0023713235335538854,1.4550715998838102,25000.000000000062
G1_H0-G0_H0,dressed_prompt,Ckr,0.0021348752883043835,0.0025084927102420325,0.8510589963398377,25000.000000000062
G1_H0-G0_H0,dressed_prompt,Crk,-0.0006047305776841898,0.0027505864353390285,-0.21985514431203565,25000.000000000062
G1_H0-G0_H0,dressed_prompt,Ckn,-0.0004370840569721662,0.0024233121153794646,-0.18036638953695963,25000.000000000062
G1_H0-G0_H0,dressed_prompt,Cnk,0.0005301982978076888,0.002619318318744761,0.20241842849469796,25000.000000000062
G1_H0-G0_H0,dressed_prompt,Crn,-0.005497781226353591,0.0024708427194778527,-2.2250632073883687,25000.000000000062
G1_H0-G0_H0,dressed_prompt,Cnr,-0.0006381567334807334,0.0023790065954021073,-0.2682450459423254,25000.000000000062
G0_H1-G0_H0,dressed_prompt,B1k,-0.000609227224549381,0.0009853739703542463,-0.6182700607875415,25000.000000000062
G0_H1-G0_H0,dressed_prompt,B1r,-0.0012397690032796608,0.0010233357203742169,-1.2114978287148013,25000.000000000062
G0_H1-G0_H0,dressed_prompt,B1n,-0.0003824154649815134,0.0009707573300149783,-0.39393518148929446,25000.000000000062
G0_H1-G0_H0,dressed_prompt,B2k,-0.00044206587638347697,0.0010712553105259853,-0.4126615495296103,25000.000000000062
G0_H1-G0_H0,dressed_prompt,B2r,0.00022054743820048794,0.0010055186060786393,0.21933700367871606,25000.000000000062
G0_H1-G0_H0,dressed_prompt,B2n,-9.012517374603543e-05,0.000983366071932821,-0.09164966772637684,25000.000000000062
G0_H1-G0_H0,dressed_prompt,Ckk,-0.0030490658455650578,0.0025385030706366264,-1.201127499444146,25000.000000000062
G0_H1-G0_H0,dressed_prompt,Crr,0.0024280906726565155,0.0025103405329937895,0.9672355765059555,25000.000000000062
G0_H1-G0_H0,dressed_prompt,Cnn,0.0016058679676773252,0.0024042079030452304,0.6679405577376617,25000.000000000062
G0_H1-G0_H0,dressed_prompt,Ckr,0.004553689236866562,0.002496212786874817,1.824239207815149,25000.000000000062
G0_H1-G0_H0,dressed_prompt,Crk,-0.0032185168634678834,0.0027023722126967376,-1.1909968761320548,25000.000000000062
G0_H1-G0_H0,dressed_prompt,Ckn,0.000994321076916426,0.002329393587051308,0.4268583387726673,25000.000000000062
G0_H1-G0_H0,dressed_prompt,Cnk,-0.002645544779399152,0.002484763998641645,-1.0647066606105857,25000.000000000062
G0_H1-G0_H0,dressed_prompt,Crn,-0.0009258972003890058,0.002448026710911228,-0.37822185365140865,25000.000000000062
G0_H1-G0_H0,dressed_prompt,Cnr,0.0007661171737608983,0.002244725688022107,0.3412965681503589,25000.000000000062
G1_H1-G0_H0,dressed_prompt,B1k,-0.0006366512318177666,0.0010256368445860896,-0.6207374814763956,25000.000000000062
G1_H1-G0_H0,dressed_prompt,B1r,-0.0002469526493295852,0.001038720120358047,-0.23774705475471158,25000.000000000062
G1_H1-G0_H0,dressed_prompt,B1n,0.0005503056200410363,0.00092512387207274,0.5948453354771578,25000.000000000062
G1_H1-G0_H0,dressed_prompt,B2k,0.0005812007505305681,0.0010588758409736379,0.5488847020970401,25000.000000000062
G1_H1-G0_H0,dressed_prompt,B2r,-0.0008742248775266597,0.0010296665384004833,-0.8490368919676737,25000.000000000062
G1_H1-G0_H0,dressed_prompt,B2n,0.0002150499195372263,0.0009505349173483579,0.2262409466631024,25000.000000000062
G1_H1-G0_H0,dressed_prompt,Ckk,-0.003951762575483542,0.002511164616586665,-1.5736772290360754,25000.000000000062
G1_H1-G0_H0,dressed_prompt,Crr,-0.0006841656177293065,0.002629970166300819,-0.26014196909755016,25000.000000000062
G1_H1-G0_H0,dressed_prompt,Cnn,0.0006325086141297114,0.002291882460212787,0.27597777159609965,25000.000000000062
G1_H1-G0_H0,dressed_prompt,Ckr,0.0021626760901901454,0.0025505988718630785,0.8479091377510193,25000.000000000062
G1_H1-G0_H0,dressed_prompt,Crk,-0.000977802209253803,0.002609617306762476,-0.3746918012537542,25000.000000000062
G1_H1-G0_H0,dressed_prompt,Ckn,0.0021050449326396265,0.0023979176712370935,0.8778637222993677,25000.000000000062
G1_H1-G0_H0,dressed_prompt,Cnk,-0.0028173631149524033,0.0024412553625376087,-1.1540632570383142,25000.000000000062
G1_H1-G0_H0,dressed_prompt,Crn,-0.000518110142883993,0.002335534847195388,-0.22183789871778717,25000.000000000062
G1_H1-G0_H0,dressed_prompt,Cnr,-0.0025847316262964564,0.002346127129814367,-1.1017014352930519,25000.000000000062
