proc	shard_id	input_lhe	input_sha256	start	stop	pythia_seed
0	P12_1M_0001	/eos/user/c/cglenn/FCCWork/whizard/whizard_ttbar_spinpol/production/full6f_365gev_ee_ttbar_spinpol_v1/phase12_production_v1/20260821T162202Z_WT_A07F3_S0_1M_40x25k_v1p0p1/whizard_raw/S0_P12_1M_0001/phase11c_S0_P12_1M_0001_seed412100001.lhe	8f4ea4e309d1169eb4697dc658361e417d6ef894ca2332871d278d07d4f47ff7	0	25000	812100001
1	P12_1M_0002	/eos/user/c/cglenn/FCCWork/whizard/whizard_ttbar_spinpol/production/full6f_365gev_ee_ttbar_spinpol_v1/phase12_production_v1/20260821T162202Z_WT_A07F3_S0_1M_40x25k_v1p0p1/whizard_raw/S0_P12_1M_0002/phase11c_S0_P12_1M_0002_seed412100002.lhe	54108f1a0b566cef98b71262819526489e63ed0ee049817a3823d607d0820632	25000	50000	812100002
2	P12_1M_0003	/eos/user/c/cglenn/FCCWork/whizard/whizard_ttbar_spinpol/production/full6f_365gev_ee_ttbar_spinpol_v1/phase12_production_v1/20260821T162202Z_WT_A07F3_S0_1M_40x25k_v1p0p1/whizard_raw/S0_P12_1M_0003/phase11c_S0_P12_1M_0003_seed412100003.lhe	33c90e3f7bcafb04adb479dae0e3ae9fc59d8395446c717557501712d616e1f2	50000	75000	812100003
3	P12_1M_0004	/eos/user/c/cglenn/FCCWork/whizard/whizard_ttbar_spinpol/production/full6f_365gev_ee_ttbar_spinpol_v1/phase12_production_v1/20260821T162202Z_WT_A07F3_S0_1M_40x25k_v1p0p1/whizard_raw/S0_P12_1M_0004/phase11c_S0_P12_1M_0004_seed412100004.lhe	ec52bbd85b457d008e0c4fdc9f16a3fea45d80150bbe75f3bde0def5e4b37921	75000	100000	812100004
4	P12_1M_0005	/eos/user/c/cglenn/FCCWork/whizard/whizard_ttbar_spinpol/production/full6f_365gev_ee_ttbar_spinpol_v1/phase12_production_v1/20260821T162202Z_WT_A07F3_S0_1M_40x25k_v1p0p1/whizard_raw/S0_P12_1M_0005/phase11c_S0_P12_1M_0005_seed412100005.lhe	adec1d1f274e9261ee0bac7452f61e478307ba8bcb43a732dd7d5fab5689ca85	100000	125000	812100005
5	P12_1M_0006	/eos/user/c/cglenn/FCCWork/whizard/whizard_ttbar_spinpol/production/full6f_365gev_ee_ttbar_spinpol_v1/phase12_production_v1/20260821T162202Z_WT_A07F3_S0_1M_40x25k_v1p0p1/whizard_raw/S0_P12_1M_0006/phase11c_S0_P12_1M_0006_seed412100006.lhe	eed3f61e7169ef68bbc78cec66bee215207b48fbab79c26475e0dc453adac03d	125000	150000	812100006
6	P12_1M_0007	/eos/user/c/cglenn/FCCWork/whizard/whizard_ttbar_spinpol/production/full6f_365gev_ee_ttbar_spinpol_v1/phase12_production_v1/20260821T162202Z_WT_A07F3_S0_1M_40x25k_v1p0p1/whizard_raw/S0_P12_1M_0007/phase11c_S0_P12_1M_0007_seed412100007.lhe	11ab1acd8635c85bbb3886b0ef2309e9d60f71dbe6cac39a4092178f7b708f6e	150000	175000	812100007
7	P12_1M_0008	/eos/user/c/cglenn/FCCWork/whizard/whizard_ttbar_spinpol/production/full6f_365gev_ee_ttbar_spinpol_v1/phase12_production_v1/20260821T162202Z_WT_A07F3_S0_1M_40x25k_v1p0p1/whizard_raw/S0_P12_1M_0008/phase11c_S0_P12_1M_0008_seed412100008.lhe	ef095baa686d265f7ac6338d5f566e71b15e181182cd774326e30e9f31044064	175000	200000	812100008
8	P12_1M_0009	/eos/user/c/cglenn/FCCWork/whizard/whizard_ttbar_spinpol/production/full6f_365gev_ee_ttbar_spinpol_v1/phase12_production_v1/20260821T162202Z_WT_A07F3_S0_1M_40x25k_v1p0p1/whizard_raw/S0_P12_1M_0009/phase11c_S0_P12_1M_0009_seed412100009.lhe	ab6c803ae00472de45b92ca6170b45f0d7d085beaaa7463e46f918cc790e18d9	200000	225000	812100009
9	P12_1M_0010	/eos/user/c/cglenn/FCCWork/whizard/whizard_ttbar_spinpol/production/full6f_365gev_ee_ttbar_spinpol_v1/phase12_production_v1/20260821T162202Z_WT_A07F3_S0_1M_40x25k_v1p0p1/whizard_raw/S0_P12_1M_0010/phase11c_S0_P12_1M_0010_seed412100010.lhe	a22a58203b9b15b1aa0176a3a4e50adcfa045224357cc32caf87df4903cfc5da	225000	250000	812100010
10	P12_1M_0011	/eos/user/c/cglenn/FCCWork/whizard/whizard_ttbar_spinpol/production/full6f_365gev_ee_ttbar_spinpol_v1/phase12_production_v1/20260821T162202Z_WT_A07F3_S0_1M_40x25k_v1p0p1/whizard_raw/S0_P12_1M_0011/phase11c_S0_P12_1M_0011_seed412100011.lhe	0d555b4a3702ab9ecd01528252ea1d9847fd0f504955242ad98321245f0d842d	250000	275000	812100011
11	P12_1M_0012	/eos/user/c/cglenn/FCCWork/whizard/whizard_ttbar_spinpol/production/full6f_365gev_ee_ttbar_spinpol_v1/phase12_production_v1/20260821T162202Z_WT_A07F3_S0_1M_40x25k_v1p0p1/whizard_raw/S0_P12_1M_0012/phase11c_S0_P12_1M_0012_seed412100012.lhe	0158ad12e7a762ede2ff6aec0de91b58ed57393e140c5dce5856f7d312619b9f	275000	300000	812100012
12	P12_1M_0013	/eos/user/c/cglenn/FCCWork/whizard/whizard_ttbar_spinpol/production/full6f_365gev_ee_ttbar_spinpol_v1/phase12_production_v1/20260821T162202Z_WT_A07F3_S0_1M_40x25k_v1p0p1/whizard_raw/S0_P12_1M_0013/phase11c_S0_P12_1M_0013_seed412100013.lhe	915f10999dcc67ec31853320df6803d49cc6364fc932aad63f96ff9a515ffdc1	300000	325000	812100013
13	P12_1M_0014	/eos/user/c/cglenn/FCCWork/whizard/whizard_ttbar_spinpol/production/full6f_365gev_ee_ttbar_spinpol_v1/phase12_production_v1/20260821T162202Z_WT_A07F3_S0_1M_40x25k_v1p0p1/whizard_raw/S0_P12_1M_0014/phase11c_S0_P12_1M_0014_seed412100014.lhe	8c593443e0928d986962883a26a4606f445f3313ae0227594b4da215669035a9	325000	350000	812100014
14	P12_1M_0015	/eos/user/c/cglenn/FCCWork/whizard/whizard_ttbar_spinpol/production/full6f_365gev_ee_ttbar_spinpol_v1/phase12_production_v1/20260821T162202Z_WT_A07F3_S0_1M_40x25k_v1p0p1/whizard_raw/S0_P12_1M_0015/phase11c_S0_P12_1M_0015_seed412100015.lhe	fa1593cb18f6f2a2c898f65da31b46ca74f2c78a336abede3ee34d15ffcffac7	350000	375000	812100015
15	P12_1M_0016	/eos/user/c/cglenn/FCCWork/whizard/whizard_ttbar_spinpol/production/full6f_365gev_ee_ttbar_spinpol_v1/phase12_production_v1/20260821T162202Z_WT_A07F3_S0_1M_40x25k_v1p0p1/whizard_raw/S0_P12_1M_0016/phase11c_S0_P12_1M_0016_seed412100016.lhe	b0df5d3d114e1886603773f3a5d16f601f807a49bf3414d665e6aa8dda84e377	375000	400000	812100016
16	P12_1M_0017	/eos/user/c/cglenn/FCCWork/whizard/whizard_ttbar_spinpol/production/full6f_365gev_ee_ttbar_spinpol_v1/phase12_production_v1/20260821T162202Z_WT_A07F3_S0_1M_40x25k_v1p0p1/whizard_raw/S0_P12_1M_0017/phase11c_S0_P12_1M_0017_seed412100017.lhe	fa9c97438e6c0f90798ce073450c7bc575166ac66db0849f58d911a23a8971ed	400000	425000	812100017
17	P12_1M_0018	/eos/user/c/cglenn/FCCWork/whizard/whizard_ttbar_spinpol/production/full6f_365gev_ee_ttbar_spinpol_v1/phase12_production_v1/20260821T162202Z_WT_A07F3_S0_1M_40x25k_v1p0p1/whizard_raw/S0_P12_1M_0018/phase11c_S0_P12_1M_0018_seed412100018.lhe	f1773b799dcbca19e52add19b4d2888e50dfd67ab1251d25a651f0d07160c439	425000	450000	812100018
18	P12_1M_0019	/eos/user/c/cglenn/FCCWork/whizard/whizard_ttbar_spinpol/production/full6f_365gev_ee_ttbar_spinpol_v1/phase12_production_v1/20260821T162202Z_WT_A07F3_S0_1M_40x25k_v1p0p1/whizard_raw/S0_P12_1M_0019/phase11c_S0_P12_1M_0019_seed412100019.lhe	f2eb7190db1747f3dd108723f62fe6e6ca6cb3a41466d089c0bc671b195119f1	450000	475000	812100019
19	P12_1M_0020	/eos/user/c/cglenn/FCCWork/whizard/whizard_ttbar_spinpol/production/full6f_365gev_ee_ttbar_spinpol_v1/phase12_production_v1/20260821T162202Z_WT_A07F3_S0_1M_40x25k_v1p0p1/whizard_raw/S0_P12_1M_0020/phase11c_S0_P12_1M_0020_seed412100020.lhe	9e01aa62c71284cdfdd54c09a92d80f6a0528ace5627f01f20caf5d970c317ad	475000	500000	812100020
20	P12_1M_0021	/eos/user/c/cglenn/FCCWork/whizard/whizard_ttbar_spinpol/production/full6f_365gev_ee_ttbar_spinpol_v1/phase12_production_v1/20260821T162202Z_WT_A07F3_S0_1M_40x25k_v1p0p1/whizard_raw/S0_P12_1M_0021/phase11c_S0_P12_1M_0021_seed412100021.lhe	a6d261f7f3980498d309a648bf23949e3c0fcc62c6725bc79bf908ad02411220	500000	525000	812100021
21	P12_1M_0022	/eos/user/c/cglenn/FCCWork/whizard/whizard_ttbar_spinpol/production/full6f_365gev_ee_ttbar_spinpol_v1/phase12_production_v1/20260821T162202Z_WT_A07F3_S0_1M_40x25k_v1p0p1/whizard_raw/S0_P12_1M_0022/phase11c_S0_P12_1M_0022_seed412100022.lhe	4034d1a9397563b6a4f450175ab74d8f8402937b7e8848cd1a0cb2fa9361364b	525000	550000	812100022
22	P12_1M_0023	/eos/user/c/cglenn/FCCWork/whizard/whizard_ttbar_spinpol/production/full6f_365gev_ee_ttbar_spinpol_v1/phase12_production_v1/20260821T162202Z_WT_A07F3_S0_1M_40x25k_v1p0p1/whizard_raw/S0_P12_1M_0023/phase11c_S0_P12_1M_0023_seed412100023.lhe	171ffba8ddd1fa0848edd6d9215978c8e2367f7c02c6d544ff69ec3e9c43cfb5	550000	575000	812100023
23	P12_1M_0024	/eos/user/c/cglenn/FCCWork/whizard/whizard_ttbar_spinpol/production/full6f_365gev_ee_ttbar_spinpol_v1/phase12_production_v1/20260821T162202Z_WT_A07F3_S0_1M_40x25k_v1p0p1/whizard_raw/S0_P12_1M_0024/phase11c_S0_P12_1M_0024_seed412100024.lhe	f0d87b9cb5cd98932d6d24fad17164264fcb97b3eecda9f02b37e03118527cf2	575000	600000	812100024
24	P12_1M_0025	/eos/user/c/cglenn/FCCWork/whizard/whizard_ttbar_spinpol/production/full6f_365gev_ee_ttbar_spinpol_v1/phase12_production_v1/20260821T162202Z_WT_A07F3_S0_1M_40x25k_v1p0p1/whizard_raw/S0_P12_1M_0025/phase11c_S0_P12_1M_0025_seed412100025.lhe	5cd4d83d67b7c5fd42fef6c215396499956642ad23b4ab7ab9716d314a13d45c	600000	625000	812100025
25	P12_1M_0026	/eos/user/c/cglenn/FCCWork/whizard/whizard_ttbar_spinpol/production/full6f_365gev_ee_ttbar_spinpol_v1/phase12_production_v1/20260821T162202Z_WT_A07F3_S0_1M_40x25k_v1p0p1/whizard_raw/S0_P12_1M_0026/phase11c_S0_P12_1M_0026_seed412100026.lhe	bad3bf56256272268525b73a3aeb7003c7cf677ec5ce4d23a8700c8de2d0f68f	625000	650000	812100026
26	P12_1M_0027	/eos/user/c/cglenn/FCCWork/whizard/whizard_ttbar_spinpol/production/full6f_365gev_ee_ttbar_spinpol_v1/phase12_production_v1/20260821T162202Z_WT_A07F3_S0_1M_40x25k_v1p0p1/whizard_raw/S0_P12_1M_0027/phase11c_S0_P12_1M_0027_seed412100027.lhe	882e39745751cbf6292be5dbd6d871d4313db7260368af457783b35ca92f6af2	650000	675000	812100027
27	P12_1M_0028	/eos/user/c/cglenn/FCCWork/whizard/whizard_ttbar_spinpol/production/full6f_365gev_ee_ttbar_spinpol_v1/phase12_production_v1/20260821T162202Z_WT_A07F3_S0_1M_40x25k_v1p0p1/whizard_raw/S0_P12_1M_0028/phase11c_S0_P12_1M_0028_seed412100028.lhe	d6057245e43b4a3d006b174e8298e3b263b8a6aeb5f064fc8f30b85085b65a9f	675000	700000	812100028
28	P12_1M_0029	/eos/user/c/cglenn/FCCWork/whizard/whizard_ttbar_spinpol/production/full6f_365gev_ee_ttbar_spinpol_v1/phase12_production_v1/20260821T162202Z_WT_A07F3_S0_1M_40x25k_v1p0p1/whizard_raw/S0_P12_1M_0029/phase11c_S0_P12_1M_0029_seed412100029.lhe	db3c889e14d894fcc721eec56f29fd3d977d2f462b4e137982e261f4cda28a67	700000	725000	812100029
29	P12_1M_0030	/eos/user/c/cglenn/FCCWork/whizard/whizard_ttbar_spinpol/production/full6f_365gev_ee_ttbar_spinpol_v1/phase12_production_v1/20260821T162202Z_WT_A07F3_S0_1M_40x25k_v1p0p1/whizard_raw/S0_P12_1M_0030/phase11c_S0_P12_1M_0030_seed412100030.lhe	e2493f2c8a41259c189f68a974b2b7196feb904142c9c30e6050017f7b6d46db	725000	750000	812100030
30	P12_1M_0031	/eos/user/c/cglenn/FCCWork/whizard/whizard_ttbar_spinpol/production/full6f_365gev_ee_ttbar_spinpol_v1/phase12_production_v1/20260821T162202Z_WT_A07F3_S0_1M_40x25k_v1p0p1/whizard_raw/S0_P12_1M_0031/phase11c_S0_P12_1M_0031_seed412100031.lhe	138747c80ae1ba32af6b0ef288d91ef4ba22e302b934007938dcd66e8203c25d	750000	775000	812100031
31	P12_1M_0032	/eos/user/c/cglenn/FCCWork/whizard/whizard_ttbar_spinpol/production/full6f_365gev_ee_ttbar_spinpol_v1/phase12_production_v1/20260821T162202Z_WT_A07F3_S0_1M_40x25k_v1p0p1/whizard_raw/S0_P12_1M_0032/phase11c_S0_P12_1M_0032_seed412100032.lhe	2cee5853af0ac00dcbce0aabee675142d6628c4b16a3c7d74d6bf83d87f0461a	775000	800000	812100032
32	P12_1M_0033	/eos/user/c/cglenn/FCCWork/whizard/whizard_ttbar_spinpol/production/full6f_365gev_ee_ttbar_spinpol_v1/phase12_production_v1/20260821T162202Z_WT_A07F3_S0_1M_40x25k_v1p0p1/whizard_raw/S0_P12_1M_0033/phase11c_S0_P12_1M_0033_seed412100033.lhe	b1e880ca3ff6dcff76c252ae6b5762e3ea0a5f33fbdc9bed66473d7b30cf2d19	800000	825000	812100033
33	P12_1M_0034	/eos/user/c/cglenn/FCCWork/whizard/whizard_ttbar_spinpol/production/full6f_365gev_ee_ttbar_spinpol_v1/phase12_production_v1/20260821T162202Z_WT_A07F3_S0_1M_40x25k_v1p0p1/whizard_raw/S0_P12_1M_0034/phase11c_S0_P12_1M_0034_seed412100034.lhe	1f1bd376991f431e190c7d3949662906fa064b466687dae0c5be34f671cd2708	825000	850000	812100034
34	P12_1M_0035	/eos/user/c/cglenn/FCCWork/whizard/whizard_ttbar_spinpol/production/full6f_365gev_ee_ttbar_spinpol_v1/phase12_production_v1/20260821T162202Z_WT_A07F3_S0_1M_40x25k_v1p0p1/whizard_raw/S0_P12_1M_0035/phase11c_S0_P12_1M_0035_seed412100035.lhe	fe8e8008b7c6de28856b070563e7e45833138a259bb5e38385a54b768db17c37	850000	875000	812100035
35	P12_1M_0036	/eos/user/c/cglenn/FCCWork/whizard/whizard_ttbar_spinpol/production/full6f_365gev_ee_ttbar_spinpol_v1/phase12_production_v1/20260821T162202Z_WT_A07F3_S0_1M_40x25k_v1p0p1/whizard_raw/S0_P12_1M_0036/phase11c_S0_P12_1M_0036_seed412100036.lhe	7abac3f775ecff265f575facefc872ab99a0222c97ddaff575c503650dcf0c52	875000	900000	812100036
36	P12_1M_0037	/eos/user/c/cglenn/FCCWork/whizard/whizard_ttbar_spinpol/production/full6f_365gev_ee_ttbar_spinpol_v1/phase12_production_v1/20260821T162202Z_WT_A07F3_S0_1M_40x25k_v1p0p1/whizard_raw/S0_P12_1M_0037/phase11c_S0_P12_1M_0037_seed412100037.lhe	929b500460fbcd0e0c88caec21063efc46bf5d4a635f816ae00ea84635e41ae3	900000	925000	812100037
37	P12_1M_0038	/eos/user/c/cglenn/FCCWork/whizard/whizard_ttbar_spinpol/production/full6f_365gev_ee_ttbar_spinpol_v1/phase12_production_v1/20260821T162202Z_WT_A07F3_S0_1M_40x25k_v1p0p1/whizard_raw/S0_P12_1M_0038/phase11c_S0_P12_1M_0038_seed412100038.lhe	d6f1c4e00c0b24a847d9d02a7e15d7f53e20828af92dc5a813f800e6af1510d8	925000	950000	812100038
38	P12_1M_0039	/eos/user/c/cglenn/FCCWork/whizard/whizard_ttbar_spinpol/production/full6f_365gev_ee_ttbar_spinpol_v1/phase12_production_v1/20260821T162202Z_WT_A07F3_S0_1M_40x25k_v1p0p1/whizard_raw/S0_P12_1M_0039/phase11c_S0_P12_1M_0039_seed412100039.lhe	c262d46606a2503d276db2f1bf1e5234d13966781be8ce9171a7532fa9033578	950000	975000	812100039
39	P12_1M_0040	/eos/user/c/cglenn/FCCWork/whizard/whizard_ttbar_spinpol/production/full6f_365gev_ee_ttbar_spinpol_v1/phase12_production_v1/20260821T162202Z_WT_A07F3_S0_1M_40x25k_v1p0p1/whizard_raw/S0_P12_1M_0040/phase11c_S0_P12_1M_0040_seed412100040.lhe	0854c6c61b76a57a494606aae057966d2e73d8986c0201b6b3a6063eda0152db	975000	1000000	812100040
