node	stage	mode	adaptive_id	fixed_id	seed_id	recipe_id	region_id	window_id	n_iteration_rows	n_aggregate_rows	final_integral_fb	final_error_fb	final_relative_error_pct	max_postfirst_reported_error_pct	max_accuracy	min_efficiency_pct	max_normalized_iteration_jump	numerical_screen_pass
A00_S0	adaptive	A00_S0	A00		S0				5	1	12.222498	0.104	0.8508898917389882	7.54	34.8	0.96	0.757182838749126	1
A00_S0_F0	fixed	A00_S0_F0	A00	F0	S0				8	2	12.014565	0.0298	0.24803228414844816	7.54	34.8	0.96	2.006705827796391	1
A00_S0_F1	fixed	A00_S0_F1	A00	F1	S0				7	1	12.222498	0.104	0.8508898917389882	7.54	34.8	0.96	1.4782222902253839	1
A00_S0_F2	fixed	A00_S0_F2	A00	F2	S0				7	1	12.222498	0.104	0.8508898917389882	7.54	34.8	0.3	1.123085815849874	1
A00_S1	adaptive	A00_S1	A00		S1				5	1	11.955476	0.0855	0.7151534577125996	5.61	36.12	0.47	1.984609481766888	1
A00_S1_F0	fixed	A00_S1_F0	A00	F0	S1				8	2	12.061171	0.0391	0.32418079471719624	5.61	36.12	0.47	1.984609481766888	1
A00_S1_F1	fixed	A00_S1_F1	A00	F1	S1				7	1	11.955476	0.0855	0.7151534577125996	5.61	36.12	0.47	1.984609481766888	1
A00_S1_F2	fixed	A00_S1_F2	A00	F2	S1				7	1	11.955476	0.0855	0.7151534577125996	5.61	36.12	0.47	1.984609481766888	1
A00_S2	adaptive	A00_S2	A00		S2				5	1	12.086974	0.087	0.7197831318243921	4.14	38.94	0.68	0.8262518296492664	1
A00_S2_F0	fixed	A00_S2_F0	A00	F0	S2				8	2	12.055278	0.0299	0.24802414344986487	4.14	38.94	0.68	0.8262518296492664	1
A00_S2_F1	fixed	A00_S2_F1	A00	F1	S2				7	1	12.086974	0.087	0.7197831318243921	4.14	38.94	0.68	0.8262518296492664	1
A00_S2_F2	fixed	A00_S2_F2	A00	F2	S2				7	1	12.086974	0.087	0.7197831318243921	50.97	714.86	0.0	1.006146318061868	0
A00_S3	adaptive	A00_S3	A00		S3				5	1	12.085491	0.15	1.241157682381295	15.62	49.14	0.29	1.8165749066634926	1
A00_S3_F0	fixed	A00_S3_F0	A00	F0	S3				8	2	12.129176	0.0397	0.3273099508161148	15.62	49.14	0.29	1.8165749066634926	1
A00_S3_F1	fixed	A00_S3_F1	A00	F1	S3				7	1	12.085491	0.15	1.241157682381295	15.62	49.14	0.29	1.8165749066634926	1
A00_S3_F2	fixed	A00_S3_F2	A00	F2	S3				7	1	12.085491	0.15	1.241157682381295	15.62	62.97	0.1	1.8165749066634926	1
A00_S4	adaptive	A00_S4	A00		S4				5	1	12.14469	0.083	0.6834262546018054	3.2	35.65	1.33	1.2644092010782981	1
A00_S4_F0	fixed	A00_S4_F0	A00	F0	S4				8	2	12.115448	0.0578	0.47707686913434805	19.28	86.22	0.06	1.2644092010782981	1
A00_S4_F1	fixed	A00_S4_F1	A00	F1	S4				7	1	12.14469	0.083	0.6834262546018054	3.2	35.65	1.33	1.2644092010782981	1
A00_S4_F2	fixed	A00_S4_F2	A00	F2	S4				7	1	12.14469	0.083	0.6834262546018054	3.2	35.65	0.09	1.2644092010782981	1
A00_S5	adaptive	A00_S5	A00		S5				5	1	12.179378	0.0992	0.8144915117996995	7.03	44.18	0.36	1.140080608769267	1
A00_S5_F0	fixed	A00_S5_F0	A00	F0	S5				8	2	12.089864	0.0628	0.5194433948967498	65.99	295.13	0.02	1.140080608769267	0
A00_S5_F1	fixed	A00_S5_F1	A00	F1	S5				7	1	12.179378	0.0992	0.8144915117996995	7.57	58.64	0.09	1.140080608769267	1
A00_S5_F2	fixed	A00_S5_F2	A00	F2	S5				7	1	12.179378	0.0992	0.8144915117996995	7.03	44.18	0.08	1.140080608769267	1
A00_S6	adaptive	A00_S6	A00		S6				5	1	12.030823	0.101	0.8395103144647711	3.66	35.77	1.02	0.8556867067380155	1
A00_S6_F0	fixed	A00_S6_F0	A00	F0	S6				8	2	12.068474	0.0397	0.328956254121275	3.66	35.77	1.02	1.3645856986509615	1
A00_S6_F1	fixed	A00_S6_F1	A00	F1	S6				7	1	12.030823	0.101	0.8395103144647711	3.66	35.77	1.02	0.8556867067380155	1
A00_S6_F2	fixed	A00_S6_F2	A00	F2	S6				7	1	12.030823	0.101	0.8395103144647711	3.66	35.77	1.02	0.8556867067380155	1
A00_S7	adaptive	A00_S7	A00		S7				5	1	12.02752	0.0852	0.7083754589474803	4.79	35.01	0.78	0.6177450508947984	1
A00_S7_F0	fixed	A00_S7_F0	A00	F0	S7				8	2	12.068255	0.0461	0.3819939170990338	4.79	35.01	0.78	1.1378823407370688	1
A00_S7_F1	fixed	A00_S7_F1	A00	F1	S7				7	1	12.02752	0.0852	0.7083754589474803	9.5	73.59	0.11	1.0104345182864005	1
A00_S7_F2	fixed	A00_S7_F2	A00	F2	S7				7	1	12.02752	0.0852	0.7083754589474803	42.07	587.11	0.01	1.0461003298499243	0
A01_S0	adaptive	A01_S0	A01		S0				2	1	13.676645	1.19	8.700964308132587	17.07	60.35	1.14	0.4759472456400077	0
A01_S0_F0	fixed	A01_S0_F0	A01	F0	S0				5	2	12.181187	0.0717	0.5886125875910123	17.07	60.35	1.12	1.097691358057244	1
A01_S0_F1	fixed	A01_S0_F1	A01	F1	S0				4	1	13.676645	1.19	8.700964308132587	17.07	60.35	1.14	1.0024823404144914	0
A01_S0_F2	fixed	A01_S0_F2	A01	F2	S0				4	1	13.676645	1.19	8.700964308132587	17.07	60.35	0.68	0.8935337452766866	0
A01_S1	adaptive	A01_S1	A01		S1				2	1	12.100566	0.182	1.504061876113894	1.52	35.17	1.91	1.1070998369474367	1
A01_S1_F0	fixed	A01_S1_F0	A01	F0	S1				5	2	12.239992	0.0564	0.46078461489190514	1.52	35.17	1.91	1.5391342776141692	1
A01_S1_F1	fixed	A01_S1_F1	A01	F1	S1				4	1	12.100566	0.182	1.504061876113894	3.5	35.17	1.13	1.5827492610189933	1
A01_S1_F2	fixed	A01_S1_F2	A01	F2	S1				4	1	12.100566	0.182	1.504061876113894	94.33	1326.53	0.02	1.1070998369474367	0
A01_S2	adaptive	A01_S2	A01		S2				2	1	12.50975	0.199	1.590759207817902	1.61	35.8	1.3	0.43147832354803545	1
A01_S2_F0	fixed	A01_S2_F0	A01	F0	S2				5	2	12.197637	0.0462	0.3787618864211158	1.61	35.8	1.3	1.5298883327093555	1
A01_S2_F1	fixed	A01_S2_F1	A01	F1	S2				4	1	12.50975	0.199	1.590759207817902	4.12	35.8	1.3	0.43147832354803545	1
A01_S2_F2	fixed	A01_S2_F2	A01	F2	S2				4	1	12.50975	0.199	1.590759207817902	3.33	46.92	0.1	0.6667576142230887	1
A01_S3	adaptive	A01_S3	A01		S3				2	1	12.216853	0.242	1.9808701962772246	2.01	40.13	0.93	0.7390307897493709	1
A01_S3_F0	fixed	A01_S3_F0	A01	F0	S3				5	2	12.191545	0.0546	0.4478513592821911	11.96	53.49	0.48	1.401131989164975	1
A01_S3_F1	fixed	A01_S3_F1	A01	F1	S3				4	1	12.216853	0.242	1.9808701962772246	4.53	40.13	0.42	1.4306951625404252	1
A01_S3_F2	fixed	A01_S3_F2	A01	F2	S3				4	1	12.216853	0.242	1.9808701962772246	9.74	137.37	0.05	1.9214983700654635	1
A01_S4	adaptive	A01_S4	A01		S4				2	1	12.33996	0.173	1.4019494390581493	1.42	36.88	1.92	0.12605148084310192	1
A01_S4_F0	fixed	A01_S4_F0	A01	F0	S4				5	2	12.143771	0.0555	0.4570244284086055	22.15	99.06	0.37	1.1711305661722462	1
A01_S4_F1	fixed	A01_S4_F1	A01	F1	S4				4	1	12.33996	0.173	1.4019494390581493	1.42	36.88	1.5	0.8518413999421607	1
A01_S4_F2	fixed	A01_S4_F2	A01	F2	S4				4	1	12.33996	0.173	1.4019494390581493	1.42	36.88	0.9	0.5291250744917994	1
A01_S5	adaptive	A01_S5	A01		S5				2	1	12.249155	0.181	1.4776529483054137	1.49	41.05	1.69	0.569380316224655	1
A01_S5_F0	fixed	A01_S5_F0	A01	F0	S5				5	2	12.769266	0.384	3.007220618632269	66.11	295.64	0.21	1.1758989720609327	0
A01_S5_F1	fixed	A01_S5_F1	A01	F1	S5				4	1	12.249155	0.181	1.4776529483054137	1.49	41.05	1.69	0.8229658744732127	1
A01_S5_F2	fixed	A01_S5_F2	A01	F2	S5				4	1	12.249155	0.181	1.4776529483054137	1.49	41.05	0.86	1.064280266030145	1
A01_S6	adaptive	A01_S6	A01		S6				2	1	12.107767	0.185	1.5279448307850654	1.54	35.23	1.59	0.6911820137931677	1
A01_S6_F0	fixed	A01_S6_F0	A01	F0	S6				5	2	12.315461	0.0621	0.5042442178981363	2.16	35.23	1.59	1.8067368018848144	1
A01_S6_F1	fixed	A01_S6_F1	A01	F1	S6				4	1	12.107767	0.185	1.5279448307850654	5.16	39.94	0.29	1.778110054684836	1
A01_S6_F2	fixed	A01_S6_F2	A01	F2	S6				4	1	12.107767	0.185	1.5279448307850654	21.03	297.06	0.01	1.3042136960852748	0
A01_S7	adaptive	A01_S7	A01		S7				2	1	12.178924	0.168	1.379432205997837	1.4	35.17	1.75	1.3659145712610303	1
A01_S7_F0	fixed	A01_S7_F0	A01	F0	S7				5	2	12.295281	0.0984	0.8003070446295616	11.62	51.97	1.56	1.3659145712610303	1
A01_S7_F1	fixed	A01_S7_F1	A01	F1	S7				4	1	12.178924	0.168	1.379432205997837	1.4	35.17	1.75	1.3659145712610303	1
A01_S7_F2	fixed	A01_S7_F2	A01	F2	S7				4	1	12.178924	0.168	1.379432205997837	29.52	410.86	0.27	1.3659145712610303	0
A02_S0	adaptive	A02_S0	A02		S0				2	0	13.582165	1.03	7.583474357733102	7.58	37.88	1.73	0.0	0
A02_S0_F0	fixed	A02_S0_F0	A02	F0	S0				5	1	12.270945	0.108	0.8801278141170057	7.58	37.88	1.44	1.25693187026555	1
A02_S0_F1	fixed	A02_S0_F1	A02	F1	S0				4	0	12.658927	0.357	2.8201442349734696	7.58	37.88	0.89	0.8469185962113864	1
A02_S0_F2	fixed	A02_S0_F2	A02	F2	S0				4	0	12.697205	0.228	1.795670779514074	7.58	37.88	0.38	0.838877781502421	1
A02_S1	adaptive	A02_S1	A02		S1				2	0	12.926452	0.966	7.4730482888885525	7.47	37.35	2.06	0.0	0
A02_S1_F0	fixed	A02_S1_F0	A02	F0	S1				5	1	12.299627	0.0958	0.7788854084762084	7.47	37.35	1.64	2.476307804143459	1
A02_S1_F1	fixed	A02_S1_F1	A02	F1	S1				4	0	12.560128	0.178	1.417183009599902	7.47	37.35	0.99	0.3729389319600699	1
A02_S1_F2	fixed	A02_S1_F2	A02	F2	S1				4	0	42.790065	19.5	45.57132596082759	45.54	644.05	0.04	1.5295916292171652	0
A02_S2	adaptive	A02_S2	A02		S2				2	0	12.427462	0.954	7.676547311108253	7.68	38.4	1.81	0.0	0
A02_S2_F0	fixed	A02_S2_F0	A02	F0	S2				5	1	12.355427	0.0962	0.7786052234374417	7.68	38.4	1.22	0.6230533195769719	1
A02_S2_F1	fixed	A02_S2_F1	A02	F1	S2				4	0	12.370057	0.105	0.8488238979011982	7.68	38.4	1.34	0.059811771387920924	1
A02_S2_F2	fixed	A02_S2_F2	A02	F2	S2				4	0	15.603148	3.12	19.995964916823198	19.99	282.66	0.07	0.9733624650600736	0
A02_S3	adaptive	A02_S3	A02		S3				2	0	11.035796	0.824	7.4666113799131475	7.46	37.32	1.97	0.0	0
A02_S3_F0	fixed	A02_S3_F0	A02	F0	S3				5	1	12.348446	0.084	0.68024753884011	7.46	37.32	1.68	1.43980972197293	1
A02_S3_F1	fixed	A02_S3_F1	A02	F1	S3				4	0	13.173658	0.745	5.655224995213934	7.46	43.79	0.4	1.9245177103797466	0
A02_S3_F2	fixed	A02_S3_F2	A02	F2	S3				4	0	16.153832	3.53	21.8524000992458	21.82	308.63	0.09	1.4119122392327994	0
A02_S4	adaptive	A02_S4	A02		S4				2	0	12.022316	0.904	7.5193498490640245	7.52	37.61	1.9	0.0	0
A02_S4_F0	fixed	A02_S4_F0	A02	F0	S4				5	1	12.06269	0.122	1.0113830331377165	16.57	74.16	0.78	1.421505166608868	1
A02_S4_F1	fixed	A02_S4_F1	A02	F1	S4				4	0	12.132005	0.0822	0.6775467039454731	7.52	37.61	1.38	0.12083886261726294	1
A02_S4_F2	fixed	A02_S4_F2	A02	F2	S4				4	0	49.251581	36.6	74.31233527305449	74.36	1051.61	0.28	1.0168828987611336	0
A02_S5	adaptive	A02_S5	A02		S5				2	0	12.51131	1.01	8.072695824817705	8.04	40.18	1.63	0.0	0
A02_S5_F0	fixed	A02_S5_F0	A02	F0	S5				5	1	12.43626	0.101	0.8121412707678997	8.04	40.18	1.38	0.9232851617152904	1
A02_S5_F1	fixed	A02_S5_F1	A02	F1	S5				4	0	12.407504	0.0967	0.7793670668975807	8.04	40.18	1.22	0.10231036635729837	1
A02_S5_F2	fixed	A02_S5_F2	A02	F2	S5				4	0	12.493712	0.106	0.8484267926137564	8.04	40.18	0.68	0.017328589931408123	1
A02_S6	adaptive	A02_S6	A02		S6				2	0	12.644785	0.877	6.935665572803333	6.93	34.66	2.05	0.0	0
A02_S6_F0	fixed	A02_S6_F0	A02	F0	S6				5	1	12.261177	0.0925	0.7544137075910412	6.93	34.66	1.07	1.899150675159307	1
A02_S6_F1	fixed	A02_S6_F1	A02	F1	S6				4	0	12.607134	0.14	1.1104823665711812	6.93	34.66	1.34	0.04239480195245823	1
A02_S6_F2	fixed	A02_S6_F2	A02	F2	S6				4	0	21.667123	8.08	37.29152227547699	37.31	527.65	0.1	1.1101061416640123	0
A02_S7	adaptive	A02_S7	A02		S7				2	0	13.256689	0.959	7.234083865134047	7.23	36.17	2.11	0.0	0
A02_S7_F0	fixed	A02_S7_F0	A02	F0	S7				5	1	12.304417	0.0733	0.5957210325365273	7.23	36.17	1.87	0.9513336997700012	1
A02_S7_F1	fixed	A02_S7_F1	A02	F1	S7				4	0	12.315288	0.0862	0.6999430301589373	7.23	36.17	1.07	0.9777069115309278	1
A02_S7_F2	fixed	A02_S7_F2	A02	F2	S7				4	0	14.525605	1.51	10.39543619697768	10.39	146.91	0.11	0.7093698826002742	0
A03_S0	adaptive	A03_S0	A03		S0				5	1	12.261855	0.07	0.5708761031670984	2.05	36.35	0.95	0.7788294246921651	1
A03_S0_F0	fixed	A03_S0_F0	A03	F0	S0				8	2	12.190907	0.0388	0.3182700023878453	5.33	36.35	0.28	1.229174746330628	1
A03_S0_F1	fixed	A03_S0_F1	A03	F1	S0				7	1	12.261855	0.07	0.5708761031670984	2.53	36.35	0.25	1.364694003103846	1
A03_S0_F2	fixed	A03_S0_F2	A03	F2	S0				7	1	12.261855	0.07	0.5708761031670984	2.05	36.35	0.11	1.915930897352009	1
A03_S1	adaptive	A03_S1	A03		S1				5	1	12.27447	0.0851	0.6933089575354373	3.73	36.41	1.23	0.8455964424164522	1
A03_S1_F0	fixed	A03_S1_F0	A03	F0	S1				8	2	15.279896	1.02	6.675438105076108	59.33	265.33	0.02	1.1321790978675332	0
A03_S1_F1	fixed	A03_S1_F1	A03	F1	S1				7	1	12.27447	0.0851	0.6933089575354373	35.17	272.4	0.0	1.6196575576344243	0
A03_S1_F2	fixed	A03_S1_F2	A03	F2	S1				7	1	12.27447	0.0851	0.6933089575354373	62.11	853.7	0.0	1.3004818585530946	0
A03_S2	adaptive	A03_S2	A03		S2				5	1	12.174745	0.0484	0.3975442606806138	1.88	36.27	1.13	1.2654311681601011	1
A03_S2_F0	fixed	A03_S2_F0	A03	F0	S2				8	2	12.113122	0.0293	0.24188644347840302	1.88	36.27	1.13	1.2654311681601011	1
A03_S2_F1	fixed	A03_S2_F1	A03	F1	S2				7	1	12.174745	0.0484	0.3975442606806138	1.88	36.27	1.13	1.277275289880943	1
A03_S2_F2	fixed	A03_S2_F2	A03	F2	S2				7	1	12.174745	0.0484	0.3975442606806138	1.88	36.27	1.13	1.4204218346133444	1
A03_S3	adaptive	A03_S3	A03		S3				5	1	12.233299	0.0604	0.49373435571222446	1.93	42.18	1.13	1.3844349708366874	1
A03_S3_F0	fixed	A03_S3_F0	A03	F0	S3				8	2	12.273698	0.0637	0.5189959863767221	98.33	439.75	0.04	1.3844349708366874	0
A03_S3_F1	fixed	A03_S3_F1	A03	F1	S3				7	1	12.233299	0.0604	0.49373435571222446	95.02	736.03	0.01	1.3844349708366874	0
A03_S3_F2	fixed	A03_S3_F2	A03	F2	S3				7	1	12.233299	0.0604	0.49373435571222446	85.37	1189.88	0.0	1.3844349708366874	0
A03_S4	adaptive	A03_S4	A03		S4				5	1	12.149561	0.0624	0.5135988041049384	1.69	37.47	1.79	1.7155546333857854	1
A03_S4_F0	fixed	A03_S4_F0	A03	F0	S4				8	2	12.195111	0.0798	0.6543605876158076	4.01	37.47	1.54	1.7155546333857854	1
A03_S4_F1	fixed	A03_S4_F1	A03	F1	S4				7	1	12.149561	0.0624	0.5135988041049384	4.53	37.47	0.5	1.7155546333857854	1
A03_S4_F2	fixed	A03_S4_F2	A03	F2	S4				7	1	12.149561	0.0624	0.5135988041049384	1.69	37.47	0.42	1.7155546333857854	1
A03_S5	adaptive	A03_S5	A03		S5				5	1	12.188446	0.0875	0.717892994726317	99.59	314.92	0.29	1.6845617484444801	0
A03_S5_F0	fixed	A03_S5_F0	A03	F0	S5				8	2	12.169432	0.0959	0.7880400662906863	99.59	314.92	0.29	1.6845617484444801	0
A03_S5_F1	fixed	A03_S5_F1	A03	F1	S5				7	1	12.188446	0.0875	0.717892994726317	99.59	314.92	0.29	1.6845617484444801	0
A03_S5_F2	fixed	A03_S5_F2	A03	F2	S5				7	1	12.188446	0.0875	0.717892994726317	99.59	314.92	0.29	1.6845617484444801	0
A03_S6	adaptive	A03_S6	A03		S6				5	1	12.179507	0.0631	0.5180833674138042	7.37	35.96	0.65	1.3163063590607098	1
A03_S6_F0	fixed	A03_S6_F0	A03	F0	S6				8	2	14.705912	0.763	5.188389540206687	35.49	158.72	0.01	1.3163063590607098	0
A03_S6_F1	fixed	A03_S6_F1	A03	F1	S6				7	1	12.179507	0.0631	0.5180833674138042	16.77	129.92	0.01	1.3163063590607098	1
A03_S6_F2	fixed	A03_S6_F2	A03	F2	S6				7	1	12.179507	0.0631	0.5180833674138042	50.54	702.76	0.0	1.4153284670084845	0
A03_S7	adaptive	A03_S7	A03		S7				5	1	12.14444	0.0582	0.47923164839218607	1.7	35.35	1.17	1.3491861838598787	1
A03_S7_F0	fixed	A03_S7_F0	A03	F0	S7				8	2	12.169184	0.0544	0.44703079516260086	7.02	35.35	1.17	1.3491861838598787	1
A03_S7_F1	fixed	A03_S7_F1	A03	F1	S7				7	1	12.14444	0.0582	0.47923164839218607	15.25	118.14	0.1	1.3491861838598787	1
A03_S7_F2	fixed	A03_S7_F2	A03	F2	S7				7	1	12.14444	0.0582	0.47923164839218607	5.11	72.13	0.08	1.3491861838598787	1
A04_S0	adaptive	A04_S0	A04		S0				2	1	13.69948	1.02	7.44553807881759	36.57	182.83	1.42	0.7817636483486996	0
A04_S0_F0	fixed	A04_S0_F0	A04	F0	S0				5	2	12.345245	0.0886	0.7176852302242684	36.57	182.83	1.1	0.9851660212697443	0
A04_S0_F1	fixed	A04_S0_F1	A04	F1	S0				4	1	13.69948	1.02	7.44553807881759	36.57	182.83	1.42	0.7817636483486996	0
A04_S0_F2	fixed	A04_S0_F2	A04	F2	S0				4	1	13.69948	1.02	7.44553807881759	36.57	182.83	0.7	0.847880492650464	0
A04_S1	adaptive	A04_S1	A04		S1				2	1	12.480593	0.234	1.8749109116850455	1.94	37.35	1.48	0.475813363597744	1
A04_S1_F0	fixed	A04_S1_F0	A04	F0	S1				5	2	12.347751	0.0774	0.6268347976890689	5.02	37.35	0.43	1.1680567598279585	1
A04_S1_F1	fixed	A04_S1_F1	A04	F1	S1				4	1	12.480593	0.234	1.8749109116850455	3.09	37.35	0.35	0.9961831382202758	1
A04_S1_F2	fixed	A04_S1_F2	A04	F2	S1				4	1	12.480593	0.234	1.8749109116850455	29.38	411.04	0.01	1.1418941040718513	0
A04_S2	adaptive	A04_S2	A04		S2				2	1	12.437026	0.954	7.670644091280343	79.28	396.4	0.12	1.1504260114018428	0
A04_S2_F0	fixed	A04_S2_F0	A04	F0	S2				5	2	12.206364	0.107	0.876591915495884	79.28	396.4	0.02	1.1504260114018428	0
A04_S2_F1	fixed	A04_S2_F1	A04	F1	S2				4	1	12.437026	0.954	7.670644091280343	79.28	396.4	0.12	1.1504260114018428	0
A04_S2_F2	fixed	A04_S2_F2	A04	F2	S2				4	1	12.437026	0.954	7.670644091280343	79.28	920.0	0.0	1.1504260114018428	0
A04_S3	adaptive	A04_S3	A04		S3				2	1	12.109243	0.149	1.2304650257658551	1.24	37.32	1.85	1.3245514724298526	1
A04_S3_F0	fixed	A04_S3_F0	A04	F0	S3				5	2	14.340129	1.15	8.019453660423835	32.4	145.24	0.82	1.3300117454332945	0
A04_S3_F1	fixed	A04_S3_F1	A04	F1	S3				4	1	12.109243	0.149	1.2304650257658551	5.11	39.6	0.55	2.410346884151683	1
A04_S3_F2	fixed	A04_S3_F2	A04	F2	S3				4	1	12.109243	0.149	1.2304650257658551	26.43	369.02	0.02	1.6359989964589454	0
A04_S4	adaptive	A04_S4	A04		S4				2	1	12.54063	0.614	4.896085762836476	6.45	37.61	0.44	0.781362311218524	0
A04_S4_F0	fixed	A04_S4_F0	A04	F0	S4				5	2	12.102965	0.0756	0.6246403257383625	6.45	37.61	0.44	1.092919183794708	1
A04_S4_F1	fixed	A04_S4_F1	A04	F1	S4				4	1	12.54063	0.614	4.896085762836476	9.46	73.27	0.44	0.781362311218524	0
A04_S4_F2	fixed	A04_S4_F2	A04	F2	S4				4	1	12.54063	0.614	4.896085762836476	6.45	43.05	0.13	0.781362311218524	0
A04_S5	adaptive	A04_S5	A04		S5				2	1	12.364763	0.126	1.0190247884249783	1.03	40.18	1.63	0.14626407156702642	1
A04_S5_F0	fixed	A04_S5_F0	A04	F0	S5				5	2	12.199721	0.0528	0.4327967828116725	81.06	363.38	0.47	1.0420744380597233	0
A04_S5_F1	fixed	A04_S5_F1	A04	F1	S5				4	1	12.364763	0.126	1.0190247884249783	1.03	40.18	1.6	0.3224697461667621	1
A04_S5_F2	fixed	A04_S5_F2	A04	F2	S5				4	1	12.364763	0.126	1.0190247884249783	78.06	1091.56	0.05	1.0024604343766133	0
A04_S6	adaptive	A04_S6	A04		S6				2	1	12.222832	0.115	0.9408621504410762	0.95	34.66	1.92	0.48537575024088986	1
A04_S6_F0	fixed	A04_S6_F0	A04	F0	S6				5	2	12.825536	0.384	2.9940269163019777	99.88	447.73	0.31	0.9984961936977309	0
A04_S6_F1	fixed	A04_S6_F1	A04	F1	S6				4	1	12.222832	0.115	0.9408621504410762	99.24	768.66	0.1	1.0019593283372523	0
A04_S6_F2	fixed	A04_S6_F2	A04	F2	S6				4	1	12.222832	0.115	0.9408621504410762	67.9	950.5	0.02	1.4476390198914078	0
A04_S7	adaptive	A04_S7	A04		S7				2	1	12.306935	0.101	0.8206754971891865	0.83	36.17	1.99	0.9959144461066076	1
A04_S7_F0	fixed	A04_S7_F0	A04	F0	S7				5	2	12.199726	0.0599	0.49099463381390696	2.62	36.17	1.99	1.0646083206836356	1
A04_S7_F1	fixed	A04_S7_F1	A04	F1	S7				4	1	12.306935	0.101	0.8206754971891865	3.92	36.17	0.35	1.7514202329741086	1
A04_S7_F2	fixed	A04_S7_F2	A04	F2	S7				4	1	12.306935	0.101	0.8206754971891865	79.61	1114.19	0.0	1.0398906472219098	0
A05_S0	adaptive	A05_S0	A05		S0				2	0	13.476999	0.729	5.4092161021901095	5.41	38.25	1.34	0.0	0
A05_S0_F0	fixed	A05_S0_F0	A05	F0	S0				5	1	12.32526	0.12	0.9736102930080176	73.24	328.09	0.35	1.6109088685694084	0
A05_S0_F1	fixed	A05_S0_F1	A05	F1	S0				4	0	12.777179	0.494	3.8662681332084334	5.41	38.25	1.31	0.794697577534306	0
A05_S0_F2	fixed	A05_S0_F2	A05	F2	S0				4	0	12.769903	0.289	2.263133870319923	5.41	38.25	0.4	0.9016837443269579	1
A05_S1	adaptive	A05_S1	A05		S1				2	0	12.80044	0.71	5.546684332726063	5.55	39.23	1.27	0.0	0
A05_S1_F0	fixed	A05_S1_F0	A05	F0	S1				5	1	12.327035	0.114	0.9247965954505687	48.11	215.59	1.1	1.0098331019053761	0
A05_S1_F1	fixed	A05_S1_F1	A05	F1	S1				4	0	13.900978	0.798	5.7406032870493	5.74	44.46	0.65	1.0303398361548712	0
A05_S1_F2	fixed	A05_S1_F2	A05	F2	S1				4	0	24.423528	7.34	30.052988249691033	30.07	425.22	0.1	1.5761702363652947	0
A05_S2	adaptive	A05_S2	A05		S2				2	0	12.84457	0.716	5.574339974012365	5.57	39.41	1.47	0.0	0
A05_S2_F0	fixed	A05_S2_F0	A05	F0	S2				5	1	12.251273	0.109	0.88970346183617	25.06	112.26	0.31	0.9633273899920828	0
A05_S2_F1	fixed	A05_S2_F1	A05	F1	S2				4	0	13.060494	0.523	4.004442710972494	5.57	39.41	1.13	0.2435221897149386	0
A05_S2_F2	fixed	A05_S2_F2	A05	F2	S2				4	0	20.597235	7.83	38.01481121131064	38.01	537.49	0.05	0.9860093931588024	0
A05_S3	adaptive	A05_S3	A05		S3				2	0	12.482538	0.735	5.888225615656046	5.88	41.61	1.22	0.0	0
A05_S3_F0	fixed	A05_S3_F0	A05	F0	S3				5	1	12.53406	0.152	1.2126956469013233	9.9	44.35	0.88	0.9239108977088647	1
A05_S3_F1	fixed	A05_S3_F1	A05	F1	S3				4	0	24.198646	11.6	47.936566368217456	47.9	370.99	0.26	1.0079879264883416	0
A05_S3_F2	fixed	A05_S3_F2	A05	F2	S3				4	0	17.607382	3.66	20.786735927010614	20.77	293.74	0.1	1.3728222456797223	0
A05_S4	adaptive	A05_S4	A05		S4				2	0	13.534866	0.755	5.578185997556238	5.58	39.44	1.43	0.0	0
A05_S4_F0	fixed	A05_S4_F0	A05	F0	S4				5	1	12.188346	0.0896	0.7351284579548365	9.76	43.74	1.34	1.708081414499196	1
A05_S4_F1	fixed	A05_S4_F1	A05	F1	S4				4	0	12.188525	0.0778	0.6383052912473002	5.58	39.44	1.43	1.7738401746825854	1
A05_S4_F2	fixed	A05_S4_F2	A05	F2	S4				4	0	17.423804	4.85	27.835482997857415	27.82	393.44	0.42	0.7923003727382397	0
A05_S5	adaptive	A05_S5	A05		S5				2	0	12.397673	0.665	5.363909824045207	5.36	37.92	1.2	0.0	0
A05_S5_F0	fixed	A05_S5_F0	A05	F0	S5				5	1	12.339194	0.152	1.2318470720210735	18.51	82.89	0.19	0.9897569482613222	1
A05_S5_F1	fixed	A05_S5_F1	A05	F1	S5				4	0	12.268217	0.0785	0.6398647823069971	5.36	37.92	1.2	0.19332835535487938	1
A05_S5_F2	fixed	A05_S5_F2	A05	F2	S5				4	0	12.954436	0.536	4.137578818560685	5.36	58.5	0.45	0.6518556997039882	0
A05_S6	adaptive	A05_S6	A05		S6				2	0	12.857104	0.666	5.180015655158425	5.18	36.65	1.47	0.0	0
A05_S6_F0	fixed	A05_S6_F0	A05	F0	S6				5	1	12.271733	0.0831	0.6771659715868981	5.18	36.65	1.32	1.7009604101956415	1
A05_S6_F1	fixed	A05_S6_F1	A05	F1	S6				4	0	12.94274	0.594	4.5894455115377415	5.18	36.65	0.82	0.09596059433355271	0
A05_S6_F2	fixed	A05_S6_F2	A05	F2	S6				4	0	13.939957	1.03	7.388831974158888	7.41	104.78	0.22	0.8828354396595702	0
A05_S7	adaptive	A05_S7	A05		S7				2	0	13.800606	1.33	9.637257958092565	9.66	68.33	0.9	0.0	0
A05_S7_F0	fixed	A05_S7_F0	A05	F0	S7				5	1	12.45228	0.149	1.1965680180657678	14.13	68.33	0.05	0.8748740955149412	1
A05_S7_F1	fixed	A05_S7_F1	A05	F1	S7				4	0	13.129095	0.706	5.37736987964517	9.66	68.33	0.05	0.44595926333951064	0
A05_S7_F2	fixed	A05_S7_F2	A05	F2	S7				4	0	47.351667	34.7	73.2814749689805	73.23	1034.1	0.02	0.966179930466565	0
A06_S0	adaptive	A06_S0	A06		S0				6	0	12.301304	0.101	0.821051166608028	11.49	47.89	0.89	0.9613057536077783	1
A06_S0_F0	fixed	A06_S0_F0	A06	F0	S0				9	1	12.337139	0.126	1.021306479565481	11.49	47.89	0.38	1.0760138960626566	1
A06_S0_F1	fixed	A06_S0_F1	A06	F1	S0				8	0	13.072145	0.595	4.551663097372313	11.49	47.89	0.16	1.2772600658542492	0
A06_S0_F2	fixed	A06_S0_F2	A06	F2	S0				8	0	13.733251	0.813	5.919938403514215	11.49	83.7	0.04	1.7478762283175846	0
A06_S1	adaptive	A06_S1	A06		S1				6	0	12.55934	0.254	2.022399266203479	11.51	36.41	0.99	1.1140037929598197	1
A06_S1_F0	fixed	A06_S1_F0	A06	F0	S1				9	1	12.635302	0.234	1.8519541519466651	23.59	106.27	0.49	1.214382864905601	1
A06_S1_F1	fixed	A06_S1_F1	A06	F1	S1				8	0	15079.006	15100.0	100.13922668377478	99.92	773.95	0.02	1.1140037929598197	0
A06_S1_F2	fixed	A06_S1_F2	A06	F2	S1				8	0	4533.2951	4520.0	99.70672326184986	99.7	1404.91	0.01	1.1140037929598197	0
A06_S2	adaptive	A06_S2	A06		S2				6	0	12.374205	0.102	0.8242953789758615	96.67	432.31	0.08	1.0003970429584277	0
A06_S2_F0	fixed	A06_S2_F0	A06	F0	S2				9	1	12.170123	0.0527	0.43302766948205856	96.67	432.31	0.08	1.0003970429584277	0
A06_S2_F1	fixed	A06_S2_F1	A06	F1	S2				8	0	13.734073	1.54	11.21298831016844	96.67	432.31	0.08	1.0003970429584277	0
A06_S2_F2	fixed	A06_S2_F2	A06	F2	S2				8	0	13.09621	0.616	4.703650903582028	96.67	432.31	0.01	1.1563408438664882	0
A06_S3	adaptive	A06_S3	A06		S3				6	0	12.294686	0.0665	0.5408840860189515	13.34	42.18	0.6	0.7891313801979347	1
A06_S3_F0	fixed	A06_S3_F0	A06	F0	S3				9	1	12.155818	0.0405	0.3331737938162615	13.34	42.18	0.6	1.591653213007058	1
A06_S3_F1	fixed	A06_S3_F1	A06	F1	S3				8	0	20.561763	8.18	39.782580900285645	39.8	308.32	0.3	1.0106117148404763	0
A06_S3_F2	fixed	A06_S3_F2	A06	F2	S3				8	0	14.803553	2.46	16.617632267064533	16.59	232.96	0.2	1.019492201562913	0
A06_S4	adaptive	A06_S4	A06		S4				6	0	13.041118	0.904	6.9319210208817985	11.85	43.83	0.97	0.592308811167716	0
A06_S4_F0	fixed	A06_S4_F0	A06	F0	S4				9	1	12.184941	0.0503	0.41280462498751536	19.61	88.34	0.03	1.0244783273220004	1
A06_S4_F1	fixed	A06_S4_F1	A06	F1	S4				8	0	12.393678	0.136	1.097333656724017	11.85	43.83	0.25	0.7082249269106297	1
A06_S4_F2	fixed	A06_S4_F2	A06	F2	S4				8	0	17.849248	3.97	22.24183338143994	22.26	310.94	0.0	1.1808877415266255	0
A06_S5	adaptive	A06_S5	A06		S5				6	0	12.338725	0.123	0.9968615071654486	12.8	40.47	1.31	1.8780596206644724	1
A06_S5_F0	fixed	A06_S5_F0	A06	F0	S5				9	1	12.1849	0.0654	0.536729886991276	12.8	40.47	1.31	1.8780596206644724	1
A06_S5_F1	fixed	A06_S5_F1	A06	F1	S5				8	0	12.462669	0.14	1.1233548768726829	12.8	40.47	0.49	1.8780596206644724	1
A06_S5_F2	fixed	A06_S5_F2	A06	F2	S5				8	0	16.087696	3.75	23.30973931879369	23.3	327.38	0.04	1.8780596206644724	0
A06_S6	adaptive	A06_S6	A06		S6				6	0	12.224612	0.0578	0.47281664236051	11.37	35.96	1.25	1.0368675793696958	1
A06_S6_F0	fixed	A06_S6_F0	A06	F0	S6				9	1	12.613322	0.13	1.0306563171859087	11.37	35.96	0.94	2.154465100987058	1
A06_S6_F1	fixed	A06_S6_F1	A06	F1	S6				8	0	13.788651	0.514	3.7277033119483556	11.37	35.96	0.21	3.0238189307430967	0
A06_S6_F2	fixed	A06_S6_F2	A06	F2	S6				8	0	23.857795	8.1	33.95116774203148	33.94	476.0	0.03	1.4361588681914577	0
A06_S7	adaptive	A06_S7	A06		S7				6	0	15.081439	2.7	17.902800919726563	17.92	113.37	0.74	1.1635184602070758	0
A06_S7_F0	fixed	A06_S7_F0	A06	F0	S7				9	1	12.149732	0.0468	0.38519368163840983	17.92	113.37	0.74	1.9574785912523107	1
A06_S7_F1	fixed	A06_S7_F1	A06	F1	S7				8	0	12.239361	0.0507	0.41423731189888097	17.92	113.37	0.74	1.1635184602070758	1
A06_S7_F2	fixed	A06_S7_F2	A06	F2	S7				8	0	12.451699	0.0935	0.7509015436367359	17.92	113.37	0.46	1.1635184602070758	1
A07_S0	adaptive	A07_S0	A07		S0				10	1	12.27854	0.0667	0.5432241944074784	84.73	267.93	0.0	1.9818021601441742	0
A07_S0_F0	fixed	A07_S0_F0	A07	F0	S0				13	2	1316.2083	370.0	28.11105202725131	84.73	267.93	0.0	1.9818021601441742	0
A07_S0_F1	fixed	A07_S0_F1	A07	F1	S0				12	1	12.27854	0.0667	0.5432241944074784	84.73	267.93	0.0	2.134127065086531	0
A07_S0_F2	fixed	A07_S0_F2	A07	F2	S0				12	1	12.27854	0.0667	0.5432241944074784	84.73	283.83	0.0	3.339544451945232	0
A07_S1	adaptive	A07_S1	A07		S1				10	1	12.275031	0.0851	0.6932772715604546	92.52	292.57	0.0	2.2418807739513853	0
A07_S1_F0	fixed	A07_S1_F0	A07	F0	S1				13	2	2058.0448	229.0	11.127065844242068	92.52	292.57	0.0	2.2418807739513853	0
A07_S1_F1	fixed	A07_S1_F1	A07	F1	S1				12	1	12.275031	0.0851	0.6932772715604546	92.52	292.57	0.0	2.2418807739513853	0
A07_S1_F2	fixed	A07_S1_F2	A07	F2	S1				12	1	12.275031	0.0851	0.6932772715604546	92.52	292.57	0.0	2.2418807739513853	0
A07_S2	adaptive	A07_S2	A07		S2				10	1	12.176815	0.0298	0.24472737739712727	2.92	36.27	1.13	1.5309023996438373	1
A07_S2_F0	fixed	A07_S2_F0	A07	F0	S2				13	2	12.201874	0.0647	0.5302464195253941	2.92	36.27	1.13	1.5309023996438373	1
A07_S2_F1	fixed	A07_S2_F1	A07	F1	S2				12	1	12.176815	0.0298	0.24472737739712727	2.92	36.27	0.91	1.5309023996438373	1
A07_S2_F2	fixed	A07_S2_F2	A07	F2	S2				12	1	12.176815	0.0298	0.24472737739712727	2.92	36.27	0.47	1.5309023996438373	1
A07_S3	adaptive	A07_S3	A07		S3				10	1	12.243365	0.0602	0.49169488943603323	83.02	262.53	0.0	3.000399166912187	0
A07_S3_F0	fixed	A07_S3_F0	A07	F0	S3				13	2	554.28004	81.7	14.739841615079627	83.02	262.53	0.0	3.000399166912187	0
A07_S3_F1	fixed	A07_S3_F1	A07	F1	S3				12	1	12.243365	0.0602	0.49169488943603323	83.02	432.67	0.0	3.000399166912187	0
A07_S3_F2	fixed	A07_S3_F2	A07	F2	S3				12	1	12.243365	0.0602	0.49169488943603323	83.02	734.31	0.0	3.000399166912187	0
A07_S4	adaptive	A07_S4	A07		S4				10	1	12.137393	0.0402	0.33120786317127576	7.99	37.47	0.93	1.7155546333857854	1
A07_S4_F0	fixed	A07_S4_F0	A07	F0	S4				13	2	14.367092	0.993	6.911628323950317	86.92	388.71	0.0	1.7155546333857854	0
A07_S4_F1	fixed	A07_S4_F1	A07	F1	S4				12	1	12.137393	0.0402	0.33120786317127576	58.98	456.86	0.0	1.7155546333857854	0
A07_S4_F2	fixed	A07_S4_F2	A07	F2	S4				12	1	12.137393	0.0402	0.33120786317127576	60.89	855.64	0.0	1.7155546333857854	0
A07_S5	adaptive	A07_S5	A07		S5				10	1	12.143513	0.0355	0.2923371515310273	99.59	314.92	0.29	1.9081168003280282	0
A07_S5_F0	fixed	A07_S5_F0	A07	F0	S5				13	2	12.116358	0.0364	0.3004203078185706	99.59	314.92	0.29	1.9081168003280282	0
A07_S5_F1	fixed	A07_S5_F1	A07	F1	S5				12	1	12.143513	0.0355	0.2923371515310273	99.59	715.64	0.01	1.9081168003280282	0
A07_S5_F2	fixed	A07_S5_F2	A07	F2	S5				12	1	12.143513	0.0355	0.2923371515310273	99.59	1131.56	0.0	1.9081168003280282	0
A07_S6	adaptive	A07_S6	A07		S6				10	1	12.180848	0.0631	0.5180263311716886	66.23	209.45	0.0	1.342301384552009	0
A07_S6_F0	fixed	A07_S6_F0	A07	F0	S6				13	2	1732.1174	123.0	7.101135292561578	66.23	209.45	0.0	3.365340871430543	0
A07_S6_F1	fixed	A07_S6_F1	A07	F1	S6				12	1	12.180848	0.0631	0.5180263311716886	66.23	209.45	0.0	3.7440056042734606	0
A07_S6_F2	fixed	A07_S6_F2	A07	F2	S6				12	1	12.180848	0.0631	0.5180263311716886	97.87	1371.75	0.0	1.342301384552009	0
A07_S7	adaptive	A07_S7	A07		S7				10	1	12.15929	0.0363	0.2985371678774007	17.93	56.69	1.15	1.3491861838598787	1
A07_S7_F0	fixed	A07_S7_F0	A07	F0	S7				13	2	12.121045	0.0367	0.3027791745678694	17.93	56.69	1.15	1.3491861838598787	1
A07_S7_F1	fixed	A07_S7_F1	A07	F1	S7				12	1	12.15929	0.0363	0.2985371678774007	17.93	59.88	0.18	1.3491861838598787	1
A07_S7_F2	fixed	A07_S7_F2	A07	F2	S7				12	1	12.15929	0.0363	0.2985371678774007	17.93	56.69	0.13	1.3491861838598787	1
A08_S0	adaptive	A08_S0	A08		S0				4	1	12.473752	0.137	1.0983062674326058	36.57	182.83	1.42	1.401168247917017	0
A08_S0_F0	fixed	A08_S0_F0	A08	F0	S0				7	2	13.157442	0.356	2.7056930974880986	36.57	182.83	0.18	1.8443564762294449	0
A08_S0_F1	fixed	A08_S0_F1	A08	F1	S0				6	1	12.473752	0.137	1.0983062674326058	36.57	182.83	0.41	1.5800100139196176	0
A08_S0_F2	fixed	A08_S0_F2	A08	F2	S0				6	1	12.473752	0.137	1.0983062674326058	36.57	182.83	0.05	2.2581359853664504	0
A08_S1	adaptive	A08_S1	A08		S1				4	1	12.470047	0.16	1.2830745545706446	8.91	44.56	0.38	0.9549560708208553	1
A08_S1_F0	fixed	A08_S1_F0	A08	F0	S1				7	2	12.678116	0.152	1.1989163058612178	39.18	175.77	0.13	0.9805709260130736	0
A08_S1_F1	fixed	A08_S1_F1	A08	F1	S1				6	1	12.470047	0.16	1.2830745545706446	8.91	44.56	0.19	0.9549560708208553	1
A08_S1_F2	fixed	A08_S1_F2	A08	F2	S1				6	1	12.470047	0.16	1.2830745545706446	10.33	144.31	0.02	1.3096647134335133	1
A08_S2	adaptive	A08_S2	A08		S2				4	1	12.280732	0.097	0.7898551975566277	79.28	396.4	0.01	1.2141380004828106	0
A08_S2_F0	fixed	A08_S2_F0	A08	F0	S2				7	2	17.201814	1.77	10.289612479242017	79.28	396.4	0.0	1.2141380004828106	0
A08_S2_F1	fixed	A08_S2_F1	A08	F1	S2				6	1	12.280732	0.097	0.7898551975566277	79.28	514.56	0.0	1.2141380004828106	0
A08_S2_F2	fixed	A08_S2_F2	A08	F2	S2				6	1	12.280732	0.097	0.7898551975566277	79.28	433.37	0.0	1.2141380004828106	0
A08_S3	adaptive	A08_S3	A08		S3				4	1	12.265569	0.0616	0.5022188534425105	2.05	37.32	1.85	1.423027071876745	1
A08_S3_F0	fixed	A08_S3_F0	A08	F0	S3				7	2	13.567777	0.666	4.908689168461422	100.09	448.96	0.2	1.423027071876745	0
A08_S3_F1	fixed	A08_S3_F1	A08	F1	S3				6	1	12.265569	0.0616	0.5022188534425105	6.88	53.3	0.16	1.5011545902627523	1
A08_S3_F2	fixed	A08_S3_F2	A08	F2	S3				6	1	12.265569	0.0616	0.5022188534425105	45.32	636.6	0.0	1.586161693825535	0
A08_S4	adaptive	A08_S4	A08		S4				4	1	12.399021	0.0952	0.7678025547339585	6.45	37.61	0.44	1.1736473914209566	1
A08_S4_F0	fixed	A08_S4_F0	A08	F0	S4				7	2	14.301754	0.752	5.258096314619871	20.08	90.09	0.02	1.6012715389334107	0
A08_S4_F1	fixed	A08_S4_F1	A08	F1	S4				6	1	12.399021	0.0952	0.7678025547339585	47.02	364.24	0.0	1.6638073500152366	0
A08_S4_F2	fixed	A08_S4_F2	A08	F2	S4				6	1	12.399021	0.0952	0.7678025547339585	28.96	403.27	0.0	2.3210955800853545	0
A08_S5	adaptive	A08_S5	A08		S5				4	1	12.306962	0.0643	0.5224685019747359	7.78	40.18	1.17	1.028335241948058	1
A08_S5_F0	fixed	A08_S5_F0	A08	F0	S5				7	2	12.984238	0.323	2.4876315421821444	98.88	443.52	0.02	1.028335241948058	0
A08_S5_F1	fixed	A08_S5_F1	A08	F1	S5				6	1	12.306962	0.0643	0.5224685019747359	34.79	269.5	0.02	1.2464989023177362	0
A08_S5_F2	fixed	A08_S5_F2	A08	F2	S5				6	1	12.306962	0.0643	0.5224685019747359	24.98	351.43	0.01	1.767328889198664	0
A08_S6	adaptive	A08_S6	A08		S6				4	1	12.21378	0.0585	0.4789671993436922	35.34	176.72	0.4	1.029960883352872	0
A08_S6_F0	fixed	A08_S6_F0	A08	F0	S6				7	2	15.006154	1.44	9.59606305519722	54.51	244.51	0.02	1.4135119792816393	0
A08_S6_F1	fixed	A08_S6_F1	A08	F1	S6				6	1	12.21378	0.0585	0.4789671993436922	35.34	223.29	0.04	1.029960883352872	0
A08_S6_F2	fixed	A08_S6_F2	A08	F2	S6				6	1	12.21378	0.0585	0.4789671993436922	99.57	1407.2	0.01	1.029960883352872	0
A08_S7	adaptive	A08_S7	A08		S7				4	1	12.281095	0.0577	0.46982781258511563	5.94	36.17	1.93	1.0780865867636644	1
A08_S7_F0	fixed	A08_S7_F0	A08	F0	S7				7	2	13.756131	0.723	5.255838287669694	49.42	221.67	0.02	1.5298352601312448	0
A08_S7_F1	fixed	A08_S7_F1	A08	F1	S7				6	1	12.281095	0.0577	0.46982781258511563	54.85	424.9	0.01	1.1886281329222754	0
A08_S7_F2	fixed	A08_S7_F2	A08	F2	S7				6	1	12.281095	0.0577	0.46982781258511563	50.73	711.74	0.0	1.7677416812290914	0
A09_S0	adaptive	A09_S0	A09		S0				2	1	13.599876	0.716	5.264753884520712	22.58	159.65	0.82	0.9040098918118825	0
A09_S0_F0	fixed	A09_S0_F0	A09	F0	S0				5	2	12.275714	0.0677	0.5514954160711141	22.58	159.65	0.82	1.2535359142680875	1
A09_S0_F1	fixed	A09_S0_F1	A09	F1	S0				4	1	13.599876	0.716	5.264753884520712	22.58	159.65	0.82	1.208145493043288	0
A09_S0_F2	fixed	A09_S0_F2	A09	F2	S0				4	1	13.599876	0.716	5.264753884520712	22.58	159.65	0.42	1.0499623015929782	0
A09_S1	adaptive	A09_S1	A09		S1				2	1	12.801831	0.71	5.546081650351422	96.75	668.73	0.11	0.9981156216629491	0
A09_S1_F0	fixed	A09_S1_F0	A09	F0	S1				5	2	13.779307	0.75	5.442944264178163	96.75	668.73	0.01	0.9981156216629491	0
A09_S1_F1	fixed	A09_S1_F1	A09	F1	S1				4	1	12.801831	0.71	5.546081650351422	96.75	668.73	0.11	0.9981156216629491	0
A09_S1_F2	fixed	A09_S1_F2	A09	F2	S1				4	1	12.801831	0.71	5.546081650351422	96.75	783.78	0.03	0.9981156216629491	0
A09_S2	adaptive	A09_S2	A09		S2				2	1	12.904167	0.715	5.5408458368525455	40.28	284.84	0.21	1.4418801463467052	0
A09_S2_F0	fixed	A09_S2_F0	A09	F0	S2				5	2	12.349271	0.108	0.8745455500976536	41.29	284.84	0.21	1.4418801463467052	0
A09_S2_F1	fixed	A09_S2_F1	A09	F1	S2				4	1	12.904167	0.715	5.5408458368525455	40.28	284.84	0.15	1.4418801463467052	0
A09_S2_F2	fixed	A09_S2_F2	A09	F2	S2				4	1	12.904167	0.715	5.5408458368525455	41.28	578.34	0.0	1.4418801463467052	0
A09_S3	adaptive	A09_S3	A09		S3				2	1	12.348103	0.0934	0.7563914878261058	0.76	41.61	1.22	0.18440324574413425	1
A09_S3_F0	fixed	A09_S3_F0	A09	F0	S3				5	2	12.46381	0.164	1.315809531756341	49.19	221.21	0.26	1.1708836589035725	0
A09_S3_F1	fixed	A09_S3_F1	A09	F1	S3				4	1	12.348103	0.0934	0.7563914878261058	16.57	128.35	0.19	1.1955829330601722	1
A09_S3_F2	fixed	A09_S3_F2	A09	F2	S3				4	1	12.348103	0.0934	0.7563914878261058	10.33	145.09	0.03	1.8550433214612383	1
A09_S4	adaptive	A09_S4	A09		S4				2	1	13.642583	0.597	4.376004162848047	7.07	50.01	0.29	0.233402181528964	0
A09_S4_F0	fixed	A09_S4_F0	A09	F0	S4				5	2	12.455667	0.176	1.4130114429038605	79.79	358.92	0.29	1.4415396394815787	0
A09_S4_F1	fixed	A09_S4_F1	A09	F1	S4				4	1	13.642583	0.597	4.376004162848047	7.07	50.01	0.29	1.2687034943942348	0
A09_S4_F2	fixed	A09_S4_F2	A09	F2	S4				4	1	13.642583	0.597	4.376004162848047	25.77	359.9	0.01	1.4061899749232245	0
A09_S5	adaptive	A09_S5	A09		S5				2	1	12.635661	0.378	2.9915332486365376	3.61	37.92	1.2	0.43535420734880736	1
A09_S5_F0	fixed	A09_S5_F0	A09	F0	S5				5	2	12.336617	0.0953	0.7724970305878831	65.17	293.14	0.47	1.268560103001596	0
A09_S5_F1	fixed	A09_S5_F1	A09	F1	S5				4	1	12.635661	0.378	2.9915332486365376	3.61	37.92	1.2	0.43535420734880736	1
A09_S5_F2	fixed	A09_S5_F2	A09	F2	S5				4	1	12.635661	0.378	2.9915332486365376	5.12	72.21	0.11	1.1951385009644533	1
A09_S6	adaptive	A09_S6	A09		S6				2	1	12.250642	0.079	0.6448641630373332	0.65	36.65	1.47	0.917067703615506	1
A09_S6_F0	fixed	A09_S6_F0	A09	F0	S6				5	2	12.49747	0.142	1.1362299729465242	62.83	282.58	0.14	1.0977650110299064	0
A09_S6_F1	fixed	A09_S6_F1	A09	F1	S6				4	1	12.250642	0.079	0.6448641630373332	35.09	271.78	0.06	1.493403661716195	0
A09_S6_F2	fixed	A09_S6_F2	A09	F2	S6				4	1	12.250642	0.079	0.6448641630373332	16.86	237.02	0.04	1.9141607021330145	0
A09_S7	adaptive	A09_S7	A09		S7				2	1	13.156631	0.611	4.64404603275717	5.29	68.33	0.9	0.5443870913824411	0
A09_S7_F0	fixed	A09_S7_F0	A09	F0	S7				5	2	12.27432	0.0674	0.5491139224005893	32.28	145.2	0.63	1.8324920882191484	0
A09_S7_F1	fixed	A09_S7_F1	A09	F1	S7				4	1	13.156631	0.611	4.64404603275717	5.29	68.33	0.9	0.7699885240623712	0
A09_S7_F2	fixed	A09_S7_F2	A09	F2	S7				4	1	13.156631	0.611	4.64404603275717	34.76	489.93	0.02	1.1593650580857955	0
A10_S0	adaptive	A10_S0	A10		S0				2	0	13.160575	0.512	3.890407523987364	3.89	38.91	0.98	0.0	0
A10_S0_F0	fixed	A10_S0_F0	A10	F0	S0				5	1	13.012957	0.44	3.3812453234111204	79.96	358.16	0.34	1.2144774666771383	0
A10_S0_F1	fixed	A10_S0_F1	A10	F1	S0				4	0	13.163378	0.519	3.9427569427847473	3.94	38.91	0.29	0.0038447616411444634	0
A10_S0_F2	fixed	A10_S0_F2	A10	F2	S0				4	0	13.757718	1.09	7.922825573252773	7.92	111.99	0.04	0.4958585510054429	0
A10_S1	adaptive	A10_S1	A10		S1				2	0	12.728145	0.522	4.101147496355518	4.1	41.03	0.88	0.0	0
A10_S1_F0	fixed	A10_S1_F0	A10	F0	S1				5	1	12.68751	0.191	1.5054175326758366	8.96	41.03	0.14	1.0038825116528665	1
A10_S1_F1	fixed	A10_S1_F1	A10	F1	S1				4	0	13.879809	0.804	5.792586915281039	5.8	44.9	0.12	1.2014111705102617	0
A10_S1_F2	fixed	A10_S1_F2	A10	F2	S1				4	0	18.127742	4.12	22.727596189310283	22.72	321.35	0.09	1.3001876190706259	0
A10_S2	adaptive	A10_S2	A10		S2				2	0	12.915414	0.511	3.956512737415928	3.96	39.58	1.03	0.0	0
A10_S2_F0	fixed	A10_S2_F0	A10	F0	S2				5	1	12.326093	0.098	0.7950613385766278	9.81	43.93	1.03	0.944463817771737	1
A10_S2_F1	fixed	A10_S2_F1	A10	F1	S2				4	0	13.852465	1.06	7.652067700586142	7.62	59.04	0.58	0.7963098525780744	0
A10_S2_F2	fixed	A10_S2_F2	A10	F2	S2				4	0	19.116949	6.09	31.85654782047072	31.87	450.77	0.07	1.014748516452652	0
A10_S3	adaptive	A10_S3	A10		S3				2	0	14.024163	1.72	12.26454655440043	12.23	122.33	0.44	0.0	0
A10_S3_F0	fixed	A10_S3_F0	A10	F0	S3				5	1	12.469319	0.13	1.0425589400672162	25.9	122.33	0.44	0.9552827522907246	0
A10_S3_F1	fixed	A10_S3_F1	A10	F1	S3				4	0	21.143363	7.9	37.363970906614995	37.38	289.62	0.38	0.8805363037400817	0
A10_S3_F2	fixed	A10_S3_F2	A10	F2	S3				4	0	108.91065	92.6	85.02382457546621	85.05	1202.81	0.02	1.0245153641343065	0
A10_S4	adaptive	A10_S4	A10		S4				2	0	12.861697	0.513	3.9885871980967993	3.99	39.87	1.0	0.0	0
A10_S4_F0	fixed	A10_S4_F0	A10	F0	S4				5	1	12.85153	0.489	3.8049944247883327	80.54	360.7	0.06	0.9925201144185736	0
A10_S4_F1	fixed	A10_S4_F1	A10	F1	S4				4	0	30.893354	15.8	51.1436861144957	51.09	395.84	0.09	1.1406430427453544	0
A10_S4_F2	fixed	A10_S4_F2	A10	F2	S4				4	0	22.290167	6.25	28.039269512875343	28.06	396.84	0.06	1.5034990700130855	0
A10_S5	adaptive	A10_S5	A10		S5				2	0	12.568676	0.476	3.7871928594547266	3.79	37.9	0.96	0.0	0
A10_S5_F0	fixed	A10_S5_F0	A10	F0	S5				5	1	12.441349	0.123	0.9886387722103126	3.79	37.9	0.96	0.5874530436234344	1
A10_S5_F1	fixed	A10_S5_F1	A10	F1	S5				4	0	12.310409	0.0989	0.8033851677876828	3.79	37.9	0.96	0.5312323211345842	1
A10_S5_F2	fixed	A10_S5_F2	A10	F2	S5				4	0	12.698081	0.214	1.6852940219864716	3.79	37.9	0.65	0.24795326261299175	1
A10_S6	adaptive	A10_S6	A10		S6				2	0	12.9891	0.496	3.8185863531730453	3.82	38.19	0.93	0.0	0
A10_S6_F0	fixed	A10_S6_F0	A10	F0	S6				5	1	12.199226	0.0824	0.675452688555815	50.76	227.39	0.26	1.4484887232758363	0
A10_S6_F1	fixed	A10_S6_F1	A10	F1	S6				4	0	12.991544	0.678	5.218779230551812	5.22	40.44	0.93	0.0029093176576951586	0
A10_S6_F2	fixed	A10_S6_F2	A10	F2	S6				4	0	13.068282	0.331	2.532850148167908	3.82	38.19	0.38	0.1327882466106054	1
A10_S7	adaptive	A10_S7	A10		S7				2	0	13.080477	0.742	5.67257600774039	5.68	56.76	0.65	0.0	0
A10_S7_F0	fixed	A10_S7_F0	A10	F0	S7				5	1	12.417103	0.105	0.8456078684375897	22.68	101.57	0.04	1.1567940361110887	1
A10_S7_F1	fixed	A10_S7_F1	A10	F1	S7				4	0	13.916322	1.28	9.197832588237036	9.17	71.05	0.04	0.5649453511986977	0
A10_S7_F2	fixed	A10_S7_F2	A10	F2	S7				4	0	12.962897	0.392	3.0240153879183027	5.68	56.76	0.03	0.1401124772228958	0
A11_S0	adaptive	A11_S0	A11		S0				6	0	12.658925	0.391	3.0887298882014074	11.49	40.27	0.8	0.6183576047811021	0
A11_S0_F0	fixed	A11_S0_F0	A11	F0	S0				9	1	12.319048	0.0597	0.4846153696292116	11.49	40.27	0.8	1.0403882847205528	1
A11_S0_F1	fixed	A11_S0_F1	A11	F1	S0				8	0	12.324723	0.0686	0.5566048015845872	11.49	40.27	0.8	0.8418775058180498	1
A11_S0_F2	fixed	A11_S0_F2	A11	F2	S0				8	0	13.309162	0.526	3.9521646817432985	11.49	55.08	0.15	0.9921133141863301	0
A11_S1	adaptive	A11_S1	A11		S1				6	0	12.392614	0.179	1.444408742174976	11.51	36.41	0.79	0.9504670873068791	1
A11_S1_F0	fixed	A11_S1_F0	A11	F0	S1				9	1	12.649043	0.257	2.0317742614994665	14.94	67.45	0.3	1.2436978877189966	1
A11_S1_F1	fixed	A11_S1_F1	A11	F1	S1				8	0	27.593225	14.7	53.27394677497828	53.41	413.7	0.04	1.0339785157165382	0
A11_S1_F2	fixed	A11_S1_F2	A11	F2	S1				8	0	17.030186	4.42	25.953915007152595	25.97	365.92	0.02	1.0483650922260754	0
A11_S2	adaptive	A11_S2	A11		S2				6	0	13.055468	0.515	3.944707305781762	95.15	467.58	0.01	1.0013217493442716	0
A11_S2_F0	fixed	A11_S2_F0	A11	F0	S2				9	1	12.450773	0.102	0.8192262440251702	95.15	467.58	0.01	1.163670605906904	0
A11_S2_F1	fixed	A11_S2_F1	A11	F1	S2				8	0	15.548352	3.1	19.93780434093594	95.15	467.58	0.01	1.0013217493442716	0
A11_S2_F2	fixed	A11_S2_F2	A11	F2	S2				8	0	15.027331	1.66	11.046539135925068	95.15	467.58	0.01	1.1345246977309809	0
A11_S3	adaptive	A11_S3	A11		S3				6	0	12.346848	0.0595	0.4819043694390665	13.34	42.18	0.55	0.8844910985726929	1
A11_S3_F0	fixed	A11_S3_F0	A11	F0	S3				9	1	12.202302	0.0496	0.4064806788096213	13.34	44.85	0.33	1.2950676646994466	1
A11_S3_F1	fixed	A11_S3_F1	A11	F1	S3				8	0	12.260161	0.053	0.4322944861817067	13.34	42.18	0.55	1.0879094761199883	1
A11_S3_F2	fixed	A11_S3_F2	A11	F2	S3				8	0	14.338321	1.01	7.044060458682715	13.34	99.52	0.1	1.9683428437150026	0
A11_S4	adaptive	A11_S4	A11		S4				6	0	12.299417	0.118	0.9593950672621312	11.85	37.47	0.91	0.9410216641974535	1
A11_S4_F0	fixed	A11_S4_F0	A11	F0	S4				9	1	12.116209	0.0624	0.5150125753030507	11.85	52.66	0.11	1.7199598532177345	1
A11_S4_F1	fixed	A11_S4_F1	A11	F1	S4				8	0	12.456428	0.172	1.3808131833620358	11.85	37.47	0.7	0.9410216641974535	1
A11_S4_F2	fixed	A11_S4_F2	A11	F2	S4				8	0	13.170334	0.52	3.9482673711995457	11.85	55.47	0.04	1.6333152150699812	0
A11_S5	adaptive	A11_S5	A11		S5				6	0	12.323416	0.0983	0.7976684386861564	12.8	40.47	0.93	1.2473424018922465	1
A11_S5_F0	fixed	A11_S5_F0	A11	F0	S5				9	1	12.33684	0.105	0.85110936025757	12.8	40.47	0.93	1.2473424018922465	1
A11_S5_F1	fixed	A11_S5_F1	A11	F1	S5				8	0	12.581297	0.317	2.5196130414853095	12.8	40.47	0.19	1.2473424018922465	1
A11_S5_F2	fixed	A11_S5_F2	A11	F2	S5				8	0	12.393441	0.117	0.9440477426729188	12.8	40.47	0.17	1.2473424018922465	1
A11_S6	adaptive	A11_S6	A11		S6				6	0	60.309406	47.9	79.4237635170872	79.5	611.22	0.01	1.004792374322448	0
A11_S6_F0	fixed	A11_S6_F0	A11	F0	S6				9	1	12.582005	0.132	1.0491173704032069	79.5	611.22	0.01	1.283504311740921	0
A11_S6_F1	fixed	A11_S6_F1	A11	F1	S6				8	0	15.738732	2.61	16.58329273285802	79.5	611.22	0.0	1.004792374322448	0
A11_S6_F2	fixed	A11_S6_F2	A11	F2	S6				8	0	13.002791	0.235	1.8073042933628634	79.5	611.22	0.01	1.004792374322448	0
A11_S7	adaptive	A11_S7	A11		S7				6	0	17.124681	4.81	28.088114458891233	28.08	217.52	0.45	1.1600084685768894	0
A11_S7_F0	fixed	A11_S7_F0	A11	F0	S7				9	1	12.522137	0.194	1.5492563290115735	28.08	217.52	0.42	1.3913639072469557	0
A11_S7_F1	fixed	A11_S7_F1	A11	F1	S7				8	0	12.357123	0.115	0.9306373336253106	28.08	217.52	0.45	1.1600084685768894	0
A11_S7_F2	fixed	A11_S7_F2	A11	F2	S7				8	0	18.39058	5.4	29.36285859391058	29.36	409.8	0.11	1.1600084685768894	0
A12_S0	adaptive	A12_S0	A12		S0				6	0	14.943157	2.31	15.458580807255121	23.34	165.02	0.16	1.0696469438078746	0
A12_S0_F0	fixed	A12_S0_F0	A12	F0	S0				9	1	12.428209	0.135	1.0862385722673316	84.94	383.64	0.03	1.0879039346476067	0
A12_S0_F1	fixed	A12_S0_F1	A12	F1	S0				8	0	41.341296	26.8	64.82622121957668	64.77	502.48	0.01	1.0696469438078746	0
A12_S0_F2	fixed	A12_S0_F2	A12	F2	S0				8	0	56.499473	23.4	41.41631551147388	41.49	578.47	0.01	1.767320344146068	0
A12_S1	adaptive	A12_S1	A12		S1				6	0	16.105098	2.44	15.15048216409487	15.15	147.96	0.04	1.5586037775208672	0
A12_S1_F0	fixed	A12_S1_F0	A12	F0	S1				9	1	14.916634	2.08	13.944164615153795	90.2	407.64	0.04	1.5586037775208672	0
A12_S1_F1	fixed	A12_S1_F1	A12	F1	S1				8	0	50.788491	34.2	67.33809043470104	67.42	516.75	0.02	1.5586037775208672	0
A12_S1_F2	fixed	A12_S1_F2	A12	F2	S1				8	0	105.83803	49.2	46.486126017273754	46.52	651.49	0.0	1.821601329266314	0
A12_S2	adaptive	A12_S2	A12		S2				6	0	13.673025	0.971	7.101574084739842	72.77	510.86	0.07	1.146931277480849	0
A12_S2_F0	fixed	A12_S2_F0	A12	F0	S2				9	1	12.500953	0.105	0.8399359632821592	82.27	510.86	0.05	1.710303177800605	0
A12_S2_F1	fixed	A12_S2_F1	A12	F1	S2				8	0	13.307436	0.474	3.561918313941168	72.77	510.86	0.07	1.146931277480849	0
A12_S2_F2	fixed	A12_S2_F2	A12	F2	S2				8	0	145.33561	131.0	90.13620268287998	90.02	1254.49	0.02	1.146931277480849	0
A12_S3	adaptive	A12_S3	A12		S3				6	0	12.538302	0.144	1.1484808708547616	7.46	37.32	1.02	1.8654188544712123	1
A12_S3_F0	fixed	A12_S3_F0	A12	F0	S3				9	1	12.791296	0.217	1.696466096945923	29.94	135.14	0.06	1.8654188544712123	0
A12_S3_F1	fixed	A12_S3_F1	A12	F1	S3				8	0	16.999244	2.31	13.588839597807997	13.57	105.28	0.04	1.9274024264384557	0
A12_S3_F2	fixed	A12_S3_F2	A12	F2	S3				8	0	51.935961	34.1	65.6577818979801	65.62	920.98	0.0	1.8654188544712123	0
A12_S4	adaptive	A12_S4	A12		S4				6	0	12.654714	0.274	2.165201046819391	7.52	37.61	0.41	0.6665870872741749	1
A12_S4_F0	fixed	A12_S4_F0	A12	F0	S4				9	1	13.168712	0.462	3.5083157715044577	71.93	324.74	0.02	1.0720345399776605	0
A12_S4_F1	fixed	A12_S4_F1	A12	F1	S4				8	0	25.239687	8.33	33.00357884786765	32.99	255.93	0.04	1.5099844300461926	0
A12_S4_F2	fixed	A12_S4_F2	A12	F2	S4				8	0	61.304564	40.4	65.90047683888592	65.84	925.18	0.01	1.2041765134189244	0
A12_S5	adaptive	A12_S5	A12		S5				6	0	17.747536	4.79	26.9896621142225	26.98	269.24	0.03	1.0477129851691698	0
A12_S5_F0	fixed	A12_S5_F0	A12	F0	S5				9	1	12.531473	0.142	1.1331469173655802	26.98	269.24	0.03	1.3249762542941708	0
A12_S5_F1	fixed	A12_S5_F1	A12	F1	S5				8	0	43.406791	29.7	68.42247334063465	68.36	529.33	0.03	1.0477129851691698	0
A12_S5_F2	fixed	A12_S5_F2	A12	F2	S5				8	0	107.6048	64.9	60.313294574219746	60.32	851.4	0.0	1.3807938279503449	0
A12_S6	adaptive	A12_S6	A12		S6				6	0	17.056017	4.56	26.735433014636417	26.73	267.31	0.66	0.8949553985002782	0
A12_S6_F0	fixed	A12_S6_F0	A12	F0	S6				9	1	16.714515	2.55	15.256200972627685	62.14	280.53	0.02	1.185590623127193	0
A12_S6_F1	fixed	A12_S6_F1	A12	F1	S6				8	0	18.290489	3.0	16.401967164464548	26.73	267.31	0.02	0.8949553985002782	0
A12_S6_F2	fixed	A12_S6_F2	A12	F2	S6				8	0	87.367753	44.1	50.47628957562868	50.44	709.77	0.0	1.5859147976038814	0
A12_S7	adaptive	A12_S7	A12		S7				6	0	15.164999	1.65	10.88031723576111	10.89	105.68	0.04	1.751535077157228	0
A12_S7_F0	fixed	A12_S7_F0	A12	F0	S7				9	1	13.206647	0.397	3.006062023161519	26.9	121.46	0.04	1.751535077157228	0
A12_S7_F1	fixed	A12_S7_F1	A12	F1	S7				8	0	60.421993	46.1	76.29672195685436	76.24	580.78	0.01	1.751535077157228	0
A12_S7_F2	fixed	A12_S7_F2	A12	F2	S7				8	0	100.39759	47.6	47.411496630546615	47.38	661.7	0.01	1.7895258416031794	0
A13_S0	adaptive	A13_S0	A13		S0				2	1	13.268896	0.505	3.805893120271649	17.7	177.01	0.2	1.2624609611807027	0
A13_S0_F0	fixed	A13_S0_F0	A13	F0	S0				5	2	12.545876	0.153	1.2195242484462623	17.7	177.01	0.19	1.506143099990286	1
A13_S0_F1	fixed	A13_S0_F1	A13	F1	S0				4	1	13.268896	0.505	3.805893120271649	17.7	177.01	0.07	1.2624609611807027	0
A13_S0_F2	fixed	A13_S0_F2	A13	F2	S0				4	1	13.268896	0.505	3.805893120271649	32.62	458.65	0.0	1.2624609611807027	0
A13_S1	adaptive	A13_S1	A13		S1				2	1	12.728866	0.522	4.1009151954306065	96.5	908.54	0.07	1.0033657105876017	0
A13_S1_F0	fixed	A13_S1_F0	A13	F0	S1				5	2	39.798745	19.2	48.242727251826665	96.5	908.54	0.0	1.0033657105876017	0
A13_S1_F1	fixed	A13_S1_F1	A13	F1	S1				4	1	12.728866	0.522	4.1009151954306065	96.5	908.54	0.04	1.0033657105876017	0
A13_S1_F2	fixed	A13_S1_F2	A13	F2	S1				4	1	12.728866	0.522	4.1009151954306065	96.5	908.54	0.0	1.0033657105876017	0
A13_S2	adaptive	A13_S2	A13		S2				2	1	12.939312	0.511	3.949205336419742	45.11	444.74	0.07	1.3186815205911697	0
A13_S2_F0	fixed	A13_S2_F0	A13	F0	S2				5	2	14.375789	1.1	7.6517539315581224	65.03	444.74	0.06	1.3186815205911697	0
A13_S2_F1	fixed	A13_S2_F1	A13	F1	S2				4	1	12.939312	0.511	3.949205336419742	45.11	444.74	0.07	1.3186815205911697	0
A13_S2_F2	fixed	A13_S2_F2	A13	F2	S2				4	1	12.939312	0.511	3.949205336419742	45.11	444.74	0.02	1.3186815205911697	0
A13_S3	adaptive	A13_S3	A13		S3				2	1	14.191406	1.71	12.049546042161008	53.99	531.46	0.01	1.1563325715772117	0
A13_S3_F0	fixed	A13_S3_F0	A13	F0	S3				5	2	12.525006	0.126	1.0059875420418962	53.99	531.46	0.01	1.1563325715772117	0
A13_S3_F1	fixed	A13_S3_F1	A13	F1	S3				4	1	14.191406	1.71	12.049546042161008	53.99	531.46	0.01	1.1563325715772117	0
A13_S3_F2	fixed	A13_S3_F2	A13	F2	S3				4	1	14.191406	1.71	12.049546042161008	53.99	531.46	0.01	1.1563325715772117	0
A13_S4	adaptive	A13_S4	A13		S4				2	1	12.942989	0.508	3.924904826852592	21.21	212.07	0.15	1.1208950908988065	0
A13_S4_F0	fixed	A13_S4_F0	A13	F0	S4				5	2	13.741216	0.58	4.22087826870635	55.96	251.87	0.15	1.1208950908988065	0
A13_S4_F1	fixed	A13_S4_F1	A13	F1	S4				4	1	12.942989	0.508	3.924904826852592	35.72	276.88	0.15	1.1208950908988065	0
A13_S4_F2	fixed	A13_S4_F2	A13	F2	S4				4	1	12.942989	0.508	3.924904826852592	21.21	212.07	0.01	1.1208950908988065	0
A13_S5	adaptive	A13_S5	A13		S5				2	1	12.634763	0.21	1.6620810378477222	1.85	37.9	0.94	0.15453970184640298	1
A13_S5_F0	fixed	A13_S5_F0	A13	F0	S5				5	2	12.337877	0.0645	0.5227803778559309	17.73	79.7	0.32	1.267793120208376	1
A13_S5_F1	fixed	A13_S5_F1	A13	F1	S5				4	1	12.634763	0.21	1.6620810378477222	7.77	60.19	0.13	1.8625376992962126	1
A13_S5_F2	fixed	A13_S5_F2	A13	F2	S5				4	1	12.634763	0.21	1.6620810378477222	23.89	337.9	0.03	1.4957093822089509	0
A13_S6	adaptive	A13_S6	A13		S6				2	1	13.11943	0.469	3.574850431764185	10.2	101.96	0.28	0.8132689592203421	0
A13_S6_F0	fixed	A13_S6_F0	A13	F0	S6				5	2	13.220481	0.582	4.402260401871914	85.56	385.08	0.08	1.0154497942796497	0
A13_S6_F1	fixed	A13_S6_F1	A13	F1	S6				4	1	13.11943	0.469	3.574850431764185	57.94	449.11	0.06	1.260088185463644	0
A13_S6_F2	fixed	A13_S6_F2	A13	F2	S6				4	1	13.11943	0.469	3.574850431764185	47.97	678.34	0.01	1.6533401000374055	0
A13_S7	adaptive	A13_S7	A13		S7				2	1	12.660763	0.197	1.555988371316958	1.61	56.76	0.65	0.5865185711369766	1
A13_S7_F0	fixed	A13_S7_F0	A13	F0	S7				5	2	12.698874	0.249	1.9608037689010853	7.41	56.76	0.36	0.9198508108666087	1
A13_S7_F1	fixed	A13_S7_F1	A13	F1	S7				4	1	12.660763	0.197	1.555988371316958	13.35	103.46	0.56	1.371383538343179	1
A13_S7_F2	fixed	A13_S7_F2	A13	F2	S7				4	1	12.660763	0.197	1.555988371316958	6.11	86.37	0.13	2.104985619505774	1
A14_S0	adaptive	A14_S0	A14		S0				2	0	12.769256	0.411	3.218668339016775	3.22	45.56	0.56	0.0	0
A14_S0_F0	fixed	A14_S0_F0	A14	F0	S0				5	1	12.302793	0.121	0.9835165071866202	98.55	441.34	0.32	1.1104161102220418	0
A14_S0_F1	fixed	A14_S0_F1	A14	F1	S0				4	0	12.957019	0.705	5.441066344041017	5.44	45.56	0.56	0.23008616648697847	0
A14_S0_F2	fixed	A14_S0_F2	A14	F2	S0				4	0	13.296394	0.539	4.053730658101738	4.05	57.3	0.35	0.7776944105336995	0
A14_S1	adaptive	A14_S1	A14		S1				2	0	12.958489	0.41	3.1639491301802236	3.16	44.72	0.48	0.0	0
A14_S1_F0	fixed	A14_S1_F0	A14	F0	S1				5	1	12.306466	0.11	0.8938390598893297	6.49	44.72	0.48	1.6701163090922408	1
A14_S1_F1	fixed	A14_S1_F1	A14	F1	S1				4	0	13.469681	0.8	5.93926463440374	5.94	46.02	0.12	0.5686584477733373	0
A14_S1_F2	fixed	A14_S1_F2	A14	F2	S1				4	0	23.691154	9.9	41.7877491320178	41.8	591.16	0.01	1.083179076645916	0
A14_S2	adaptive	A14_S2	A14		S2				2	0	14.160163	1.73	12.217373486449272	12.22	170.79	0.26	0.0	0
A14_S2_F0	fixed	A14_S2_F0	A14	F0	S2				5	1	12.533988	0.176	1.4041819730480034	89.71	401.82	0.26	1.0050081270681344	0
A14_S2_F1	fixed	A14_S2_F1	A14	F1	S2				4	0	23.020925	6.86	29.798976366066967	29.82	231.05	0.18	1.2524436189478965	0
A14_S2_F2	fixed	A14_S2_F2	A14	F2	S2				4	0	15.979358	2.07	12.954212553470546	12.95	180.96	0.1	0.6743404251079013	0
A14_S3	adaptive	A14_S3	A14		S3				2	0	13.527647	0.896	6.623472655665838	6.62	93.64	0.35	0.0	0
A14_S3_F0	fixed	A14_S3_F0	A14	F0	S3				5	1	12.628906	0.252	1.9954222479761905	76.42	342.22	0.02	1.0574091961256848	0
A14_S3_F1	fixed	A14_S3_F1	A14	F1	S3				4	0	12.935567	0.576	4.452839214546992	6.62	93.64	0.35	0.5558537407376666	0
A14_S3_F2	fixed	A14_S3_F2	A14	F2	S3				4	0	13.621623	0.48	3.5238091672335963	6.62	93.64	0.19	0.0924530822136434	0
A14_S4	adaptive	A14_S4	A14		S4				2	0	12.71395	0.348	2.737150924771609	2.74	38.74	0.72	0.0	1
A14_S4_F0	fixed	A14_S4_F0	A14	F0	S4				5	1	12.510002	0.165	1.318944633262249	90.69	406.09	0.07	1.0176703597109749	0
A14_S4_F1	fixed	A14_S4_F1	A14	F1	S4				4	0	26.481503	9.92	37.46010942052647	37.45	290.2	0.07	1.387004967752705	0
A14_S4_F2	fixed	A14_S4_F2	A14	F2	S4				4	0	18.65613	3.29	17.634954301883614	17.63	249.37	0.04	1.7961138966061896	0
A14_S5	adaptive	A14_S5	A14		S5				2	0	12.406964	0.344	2.772636400008898	2.78	39.25	0.61	0.0	1
A14_S5_F0	fixed	A14_S5_F0	A14	F0	S5				5	1	12.342826	0.164	1.328707056228452	24.3	108.84	0.61	1.0042821095458092	1
A14_S5_F1	fixed	A14_S5_F1	A14	F1	S5				4	0	13.109333	0.556	4.241253159104281	4.24	39.25	0.6	1.0742651784096549	0
A14_S5_F2	fixed	A14_S5_F2	A14	F2	S5				4	0	14.315693	0.834	5.825774553841019	5.82	82.34	0.13	2.1157331077393136	0
A14_S6	adaptive	A14_S6	A14		S6				2	0	12.571299	0.339	2.6966187026495834	2.7	38.14	0.7	0.0	1
A14_S6_F0	fixed	A14_S6_F0	A14	F0	S6				5	1	12.35517	0.101	0.8174715523946656	96.86	433.75	0.14	1.9719549874666207	0
A14_S6_F1	fixed	A14_S6_F1	A14	F1	S6				4	0	14.25464	1.64	11.505025731972186	11.48	88.96	0.52	1.0051774872148536	0
A14_S6_F2	fixed	A14_S6_F2	A14	F2	S6				4	0	14.16458	0.793	5.59847168076992	5.6	79.14	0.14	1.847451511393539	0
A14_S7	adaptive	A14_S7	A14		S7				2	0	12.720479	0.456	3.5847706678341287	3.58	50.64	0.51	0.0	0
A14_S7_F0	fixed	A14_S7_F0	A14	F0	S7				5	1	12.718537	0.205	1.6118206048384338	12.12	54.29	0.1	0.8751833160973436	1
A14_S7_F1	fixed	A14_S7_F1	A14	F1	S7				4	0	13.321618	0.695	5.2170839908485585	5.21	50.64	0.09	0.723182880820908	0
A14_S7_F2	fixed	A14_S7_F2	A14	F2	S7				4	0	13.35973	0.667	4.992615868733874	4.99	70.63	0.05	0.7911758592289769	0
